understat_id,player_name_us,wc_matched_name,wc_matched_team,wc_matched_position,wc_matched_caps,wc_matched_goals,wc_matched_club,league,team_title,npxG,xA,time,games,starts,proxy_price,rec_npxG90,rec_xA90
8260,Erling Haaland,HAALAND Erling,Norway,FW,53,60,Manchester City FC (ENG),EPL,Manchester City,25.7506607696414,5.507687093690038,2979,35,35,10.6,0.8555813207493727,0.1448870913870177
11363,Antoine Semenyo,SEMENYO Antoine,Ghana,MF,37,3,Manchester City FC (ENG),EPL,"Bournemouth,Manchester City",11.31444920040667,4.130169393494725,3220,37,37,7.9,0.2482402104818904,0.13581938658590464
8865,Ollie Watkins,WATKINS Ollie,England,FW,23,7,Aston Villa FC (ENG),EPL,Aston Villa,18.82772558834404,2.816021606326103,2908,37,37,8.8,1.0688555558726376,0.13979388788536926
7254,Viktor Gyokeres,GYOKERES Viktor,Sweden,FW,37,21,Arsenal FC (ENG),EPL,Arsenal,11.58792421594262,2.6537387324497104,2255,36,36,8.6,0.8902044643454139,0.1913655878323588
5735,Jean-Philippe Mateta,MATETA Jean-Philippe,France,FW,6,2,Crystal Palace FC (ENG),EPL,Crystal Palace,12.93275199458003,1.2496193014085293,2225,32,32,8.0,0.7516267124240792,0.038638436754052895
7080,Matheus Cunha,MATHEUS CUNHA,Brazil,FW,27,4,Manchester United FC (ENG),EPL,Manchester United,7.076101643964648,3.698060866445303,2506,33,33,7.5,0.31820165772710907,0.22224956763450462
11356,Enzo Fernández,FERNANDEZ Enzo,Argentina,MF,44,6,Chelsea FC (ENG),EPL,Chelsea,10.394858876243234,8.865934781730175,3149,36,36,8.6,0.17530275494074152,0.2340468832092443
12412,Morgan Rogers,ROGERS Morgan,England,MF,18,1,Aston Villa FC (ENG),EPL,Aston Villa,7.145822267979384,7.475014166906476,3301,37,37,7.4,0.22885903141787703,0.267103165277076
1228,Bruno Fernandes,BRUNO FERNANDES,Portugal,MF,92,29,Manchester United FC (ENG),EPL,Manchester United,7.364792761392891,17.75713463127613,3082,35,35,10.2,0.15241746353832156,0.6949938784946095
2248,Casemiro,CASEMIRO,Brazil,MF,90,10,Manchester United FC (ENG),EPL,Manchester United,6.577375870198011,3.177681438624859,2649,34,34,8.2,0.22114564500242,0.09241280952829338
4105,Raúl Jiménez,JIMENEZ Raul,Mexico,FW,129,47,Fulham FC (ENG),EPL,Fulham,8.971911305561662,1.944130852818489,2215,36,36,8.7,0.19106590180512842,0.04120303653294289
5675,Ismaila Sarr,SARR Ismaila,Senegal,FW,87,22,Crystal Palace FC (ENG),EPL,Crystal Palace,9.259800650179386,2.200463268905878,2181,28,28,8.9,0.4517114576992038,0.05608416741726831
8327,Bruno Guimarães,BRUNO GUIMARAES,Brazil,MF,47,3,Newcastle United FC (ENG),EPL,Newcastle United,5.074970376677811,3.869310455396771,2467,29,29,7.6,0.1357779467150896,0.12922323641500302
8117,Nick Woltemade,WOLTEMADE Nick,Germany,FW,12,4,Newcastle United FC (ENG),EPL,Newcastle United,7.500868149101734,2.9012854490429163,1953,33,33,7.6,0.15315945616896393,0.3689457081446751
11966,Noah Okafor,OKAFOR Noah,Switzerland,FW,25,2,Leeds United FC (ENG),EPL,Leeds,6.296696716919541,2.259315438568592,1592,28,28,7.9,0.6032413490658628,0.23458982755423505
1250,Mohamed Salah,MOHAMED SALAH,Egypt,FW,119,68,Liverpool FC (ENG),EPL,Liverpool,8.076517805457115,6.428150682710111,2163,27,27,9.5,0.3617167497946619,0.2560027363210314
7322,Bukayo Saka,SAKA Bukayo,England,FW,52,14,Arsenal FC (ENG),EPL,Arsenal,7.940026824362576,8.552797641605139,2239,31,31,9.4,0.21893270701231352,0.46773348562803074
8706,Eberechi Eze,EZE Eberechi,England,MF,19,3,Arsenal FC (ENG),EPL,"Arsenal,Crystal Palace",4.807457456365228,2.63351690210402,1928,33,33,7.1,0.23672248750242011,0.024533758442107426
9789,Brian Brobbey,BROBBEY Brian,Netherlands,FW,16,4,Sunderland AFC (ENG),EPL,Sunderland,7.111885398626328,1.5084331054240463,1943,31,31,7.3,0.525718307221812,0.07577291485713446
11296,Cody Gakpo,GAKPO Cody,Netherlands,FW,54,24,Liverpool FC (ENG),EPL,Liverpool,9.826099138706924,6.592332137748599,2758,36,36,8.8,0.3108167544923513,0.11555937326407449
833,Virgil van Dijk,VAN DIJK Virgil,Netherlands,DF,96,13,Liverpool FC (ENG),EPL,Liverpool,4.891236560419202,0.3285368140786886,3420,38,38,6.7,0.21079285341230306,0.011463876779783846
7148,Wilson Isidor,ISIDOR Wilson,Haiti,FW,7,3,Sunderland AFC (ENG),EPL,Sunderland,5.619414385408163,0.0,1142,32,32,7.4,0.8580655748880518,0.0
7698,Leandro Trossard,TROSSARD Leandro,Belgium,FW,54,14,Arsenal FC (ENG),EPL,Arsenal,6.75317111518234,4.988008487969637,2026,31,31,8.7,0.2576918160319671,0.3320565749891102
8150,Anthony Gordon,GORDON Anthony,England,FW,21,3,Newcastle United FC (ENG),EPL,Newcastle United,6.472690913826227,3.714877739548683,1888,26,26,7.8,0.3489619846146376,0.04251400327549725
9307,Iliman Ndiaye,NDIAYE Iliman,Senegal,FW,43,5,Everton FC (ENG),EPL,Everton,4.621459530666471,4.457025814801455,2805,32,32,7.3,0.2069624821909449,0.08995127686384045
6382,Pedro Neto,PEDRO NETO,Portugal,FW,28,3,Chelsea FC (ENG),EPL,Chelsea,5.149658527225256,7.933838244527578,2667,34,34,7.8,0.08541872053969445,0.23266734163294037
7526,Martín Zubimendi,ZUBIMENDI Martin,Spain,MF,26,3,Arsenal FC (ENG),EPL,Arsenal,2.944296659901738,1.087823610752821,3040,38,38,6.1,0.03631841391324996,0.05239130806359312
7723,John McGinn,McGINN John,Scotland,MF,89,21,Aston Villa FC (ENG),EPL,Aston Villa,2.999398436397314,4.862495846115053,2221,30,30,8.1,0.11386681301062099,0.4367606490118975
8288,Tomas Soucek,SOUCEK Tomas,Czechia,MF,93,17,West Ham United FC (ENG),EPL,West Ham,5.214208725839853,0.8217995762825012,2206,35,35,7.7,0.14207830991042159,0.01211509825673612
8397,Florian Wirtz,WIRTZ Florian,Germany,MF,45,11,Liverpool FC (ENG),EPL,Liverpool,7.576831823214889,5.384264823049307,2426,33,33,8.3,0.368715350154711,0.2047697915023277
8981,Jéremy Doku,DOKU Jeremy,Belgium,FW,45,7,Manchester City FC (ENG),EPL,Manchester City,3.9999447921290994,7.553412737324834,1783,30,30,8.8,0.18676859276318872,0.35335029601245316
9492,Crysencio Summerville,SUMMERVILLE Crysencio,Netherlands,FW,6,2,West Ham United FC (ENG),EPL,West Ham,5.6990333795547485,3.23570919316262,2509,31,31,6.7,0.1376440651225791,0.17842117383395753
10697,Ryan Gravenberch,GRAVENBERCH Ryan,Netherlands,MF,31,1,Liverpool FC (ENG),EPL,Liverpool,1.5315213510766623,2.368868850171566,3008,36,36,6.2,0.05352738489648784,0.04738778942403531
11592,Nico O&#039;Reilly,OREILLY Nico,England,DF,8,0,Manchester City FC (ENG),EPL,Manchester City,6.727011270821095,3.847439743578434,2646,34,34,6.5,0.39960803586566696,0.12162456903052618
11965,Tijjani Reijnders,REIJNDERS Tijjani,Netherlands,MF,35,7,Manchester City FC (ENG),EPL,Manchester City,4.861917998641729,3.073294181376696,1642,28,28,7.9,0.2953839603858658,0.036746857664253105
13364,Diego Gómez,GOMEZ Diego,Paraguay,MF,27,3,Brighton & Hove Albion FC (ENG),EPL,Brighton,6.4177497662603855,2.0924463979899883,2186,32,32,7.3,0.3253422908913529,0.10405403576501232
14395,Rayan,RAYAN,Brazil,FW,5,1,AFC Bournemouth (ENG),EPL,Bournemouth,2.6684105955064297,2.7789037879556417,1146,15,15,7.2,0.2241778143882581,0.16154379351841036
5304,Mikel Merino,MERINO Mikel,Spain,MF,46,10,Arsenal FC (ENG),EPL,Arsenal,5.217843644320965,2.2901399955153465,1002,22,22,9.3,0.8264174231644739,0.4043527760560678
5553,Declan Rice,RICE Declan,England,MF,75,7,Arsenal FC (ENG),EPL,Arsenal,3.720960887148976,8.159449681639671,3111,36,36,8.2,0.013458673608343179,0.16134917754860148
7218,Cristian Romero,ROMERO Cristian,Argentina,DF,53,3,Tottenham Hotspur FC (ENG),EPL,Tottenham,1.8381627183407545,1.8169466238468883,1878,23,23,6.4,0.07865202375123853,0.12255076481856303
7365,Lucas Paquetá,LUCAS PAQUETA,Brazil,MF,67,13,CR Flamengo (BRA),EPL,West Ham,0.9184976601973176,3.011969303712249,1544,18,18,7.5,0.03460882998491666,0.21558195057211513
8094,Mathis Cherki,CHERKI Rayan,France,MF,11,2,Manchester City FC (ENG),EPL,Manchester City,4.64134069904685,10.784712422639132,1792,33,33,9.1,0.3684431286332952,0.5235642021688482
8378,Malick Thiaw,THIAW Malick,Germany,DF,7,0,Newcastle United FC (ENG),EPL,Newcastle United,5.898031393066049,0.8268706873059273,2968,35,35,5.7,0.11235758587437561,0.0
9154,Elliot Anderson,ANDERSON Elliot,England,MF,12,0,Nottingham Forest FC (ENG),EPL,Nottingham Forest,2.6831256318837404,4.842637189663947,3329,38,38,6.3,0.139088225356924,0.2966283531859517
9749,Donyell Malen,MALEN Donyell,Netherlands,FW,56,13,AS Roma (ITA),EPL,Aston Villa,4.73893653601408,0.3693819381296634,600,21,21,10.0,0.7736915180426158,0.17804617854910748
10050,Micky van de Ven,VAN DE VEN Micky,Netherlands,DF,24,1,Tottenham Hotspur FC (ENG),EPL,Tottenham,2.4525543581694365,1.0142897926270962,3049,35,35,5.5,0.0054896817643418664,0.005068250112527501
10751,Brenden Aaronson,AARONSON Brenden,USA,FW,59,9,Leeds United FC (ENG),EPL,Leeds,5.881288753822446,5.662709843367338,2517,37,37,8.2,0.091464929480661,0.18208230505819936
11070,Jørgen Strand Larsen,STRAND LARSEN Jorgen,Norway,FW,29,6,Crystal Palace FC (ENG),EPL,"Crystal Palace,Wolverhampton Wanderers",4.991869203746319,0.6865616654977202,2353,36,36,6.7,0.22474065005216864,0.016946732030850512
12408,Daniel Muñoz,MUNOZ Daniel,Colombia,DF,49,5,Crystal Palace FC (ENG),EPL,Crystal Palace,3.147003997117281,5.066070262342691,2417,29,29,7.0,0.11931368069050652,0.1935777190519658
13717,Chemsdine Talbi,TALBI Chemsdine,Morocco,MF,8,0,Sunderland AFC (ENG),EPL,Sunderland,2.32377387303859,0.6003798525780439,1556,28,28,6.0,0.15595109709454869,0.01896522716133893
4456,Chris Wood,WOOD Chris,New Zealand,FW,93,45,Nottingham Forest FC (ENG),EPL,Nottingham Forest,3.365151971578598,0.321694266051054,913,15,15,8.3,0.3404264121486284,0.0393225727974832
5232,Alexander Isak,ISAK Alexander,Sweden,FW,62,18,Liverpool FC (ENG),EPL,Liverpool,3.2453083600848918,0.8461103290319443,717,14,14,8.8,0.33272419407672843,0.0010652332011117306
6615,Trevoh Chalobah,CHALOBAH Trevoh,England,DF,1,0,Chelsea FC (ENG),EPL,Chelsea,1.84148343000561,0.6305756159126759,2781,34,34,4.9,0.08016604042093876,0.04318222632197909
7498,Lyle Foster,FOSTER Lyle,South Africa,FW,32,10,Burnley FC (ENG),EPL,Burnley,3.592184547334909,1.145955815911293,1375,26,26,7.2,0.23096757224353964,0.08963424183088718
7603,Marc Guehi,GUEHI Marc,England,DF,32,1,Manchester City FC (ENG),EPL,"Crystal Palace,Manchester City",4.697336498647928,2.726592278573662,3150,35,35,6.2,0.0979303876446052,0.027091900326988903
8393,Omar Marmoush,OMAR MARMOUSH,Egypt,FW,53,11,Manchester City FC (ENG),EPL,Manchester City,3.76536438241601,2.126938968896866,693,21,21,9.9,0.5092813606100334,0.24700036210697324
9453,Moisés Caicedo,CAICEDO Moises,Ecuador,MF,65,3,Chelsea FC (ENG),EPL,Chelsea,1.5309751015156507,2.626823216676712,2811,33,33,7.0,0.02702229088060294,0.08925936496551971
10807,Jan Paul van Hecke,VAN HECKE Jan Paul,Netherlands,DF,16,1,Brighton & Hove Albion FC (ENG),EPL,Brighton,3.358578664250672,1.0255657620728016,3214,36,36,5.4,0.11391277787360278,0.01919503747062248
10945,Santiago Bueno,BUENO Santiago,Uruguay,DF,8,0,Wolverhampton Wanderers FC (ENG),EPL,Wolverhampton Wanderers,1.995275340974331,0.9024237375706434,2549,29,29,5.2,0.165049231458794,0.07977377257563852
11385,Yasin Ayari,AYARI Yasin,Sweden,MF,25,5,Brighton & Hove Albion FC (ENG),EPL,Brighton,2.1179441660642624,1.4007999636232853,1918,29,29,6.3,0.05726827957125455,0.12365587961302735
668,Idrissa Gueye,GUEYE Idrissa Gana,Senegal,MF,139,7,Everton FC (ENG),EPL,Everton,1.9142106398940089,1.693690698593855,2120,25,25,7.3,0.05427637438147963,0.10353226811372189
3635,Bernardo Silva,BERNARDO SILVA,Portugal,MF,111,14,Manchester City FC (ENG),EPL,Manchester City,2.899573851376772,5.28287316672504,2917,38,38,7.8,0.1370471371878369,0.08813865243713491
5220,Kai Havertz,HAVERTZ Kai,Germany,FW,62,25,Arsenal FC (ENG),EPL,Arsenal,4.895509898662567,1.456983646377921,582,12,12,10.7,1.0226959202581611,0.4118802838735759
5722,Ibrahim Sangare,SANGARE Ibrahim,Côte D'Ivoire,MF,59,11,Nottingham Forest FC (ENG),EPL,Nottingham Forest,1.5703946938738227,1.4491914678364992,2111,28,28,6.8,0.0031888635822673204,0.03761703811986768
6963,Justin Kluivert,KLUIVERT Justin,Netherlands,MF,14,0,AFC Bournemouth (ENG),EPL,Bournemouth,2.293420127592981,2.294822184368968,934,20,20,7.5,0.39773586278902895,0.21879709765309732
7352,Tyler Adams,ADAMS Tyler,USA,MF,56,2,AFC Bournemouth (ENG),EPL,Bournemouth,0.9289743825793266,1.2302900850772858,1805,25,25,6.7,0.012532992395684853,0.22019123641316865
8067,Reece James,JAMES Reece,England,DF,26,1,Chelsea FC (ENG),EPL,Chelsea,1.2280184961855412,3.9933422207832336,1927,29,29,6.2,0.04231642129873258,0.12243581405077916
8127,Amad Diallo Traore,DIALLO Amad,Côte D'Ivoire,FW,23,8,Manchester United FC (ENG),EPL,Manchester United,5.730035418644548,5.647227294743061,2341,32,32,7.6,0.16813844277206896,0.36544103505722986
8379,Alexis Mac Allister,MAC ALLISTER Alexis,Argentina,MF,49,6,Liverpool FC (ENG),EPL,Liverpool,4.071707676164806,2.849602391012013,2683,37,37,7.1,0.12041777087691821,0.14959799518088265
8845,Hee-Chan Hwang,HWANG Heechan,Korea Republic,MF,82,17,Wolverhampton Wanderers FC (ENG),EPL,Wolverhampton Wanderers,1.9005736485123637,1.881555620580912,1469,26,26,7.7,0.060732786052906926,0.23437324913718235
8961,Rúben Dias,RUBEN DIAS,Portugal,DF,78,3,Manchester City FC (ENG),EPL,Manchester City,0.4370618928223848,0.4225503513589501,2142,26,26,6.2,0.01414507823464613,0.05231401775192154
9017,Malo Gusto,GUSTO Malo,France,DF,14,0,Chelsea FC (ENG),EPL,Chelsea,1.941821174696088,3.805633621290326,2306,34,34,5.9,0.011171555951441972,0.19860355549255918
9021,Pape Sarr,SARR Pape Matar,Senegal,MF,42,4,Tottenham Hotspur FC (ENG),EPL,Tottenham,2.047363305464387,2.433566828258336,1347,26,26,7.3,0.10711447174720667,0.41852230986221395
9667,Amadou Onana,ONANA Amadou,Belgium,MF,31,1,Aston Villa FC (ENG),EPL,Aston Villa,2.772524105384946,0.5039298757910728,1793,25,25,6.4,0.24947969930128738,0.023514903435690706
9767,Habib Diarra,DIARRA Habib,Senegal,MF,23,5,Sunderland AFC (ENG),EPL,Sunderland,2.4916879516094923,0.644760662689805,1414,20,20,6.5,0.23660933912403626,0.1268417979008518
9790,Josko Gvardiol,GVARDIOL Josko,Croatia,DF,51,4,Manchester City FC (ENG),EPL,Manchester City,1.8614049591124056,0.4376047477126121,1374,18,18,6.3,0.1956565351808005,0.00800281930478299
10744,Ryan Christie,CHRISTIE Ryan,Scotland,MF,71,10,AFC Bournemouth (ENG),EPL,Bournemouth,1.7907362105324864,1.6195761244744062,942,26,26,8.0,0.07462223762923166,0.14833463286214457
11357,Noni Madueke,MADUEKE Noni,England,FW,14,1,Arsenal FC (ENG),EPL,Arsenal,1.9964179322123528,4.010977517813444,1246,26,26,7.4,0.1020506920706104,0.41616573107403954
12721,Ladislav Krejcí,KREJCI Ladislav,Czechia,DF,30,6,Wolverhampton Wanderers FC (ENG),EPL,Wolverhampton Wanderers,1.724472633562982,1.4908780492842195,2385,28,28,5.7,0.052167059502592095,0.13295384755948536
12758,Mats Wieffer,WIEFFER Mats,Netherlands,DF,15,1,Brighton & Hove Albion FC (ENG),EPL,Brighton,1.9274322018027303,2.8690227568149567,1922,26,26,5.9,0.07696951003246662,0.014517554266217881
13711,Maxim De Cuyper,DE CUYPER Maxim,Belgium,DF,22,4,Brighton & Hove Albion FC (ENG),EPL,Brighton,1.7418285254389048,4.685627582482994,1412,30,30,7.0,0.06972143159523415,0.670613682909109
13834,Ao Tanaka,TANAKA Ao,Japan,MF,41,8,Leeds United FC (ENG),EPL,Leeds,2.1981850005686283,1.3577267043292522,1330,28,28,7.0,0.11236027950036452,0.051061973352287744
204,Granit Xhaka,XHAKA Granit,Switzerland,MF,149,18,Sunderland AFC (ENG),EPL,Sunderland,0.8072718912735581,3.7049803622066975,2896,34,34,7.2,0.03207636356164865,0.08153661816285519
239,Pascal Groß,GROSS Pascal,Germany,MF,19,1,Brighton & Hove Albion FC (ENG),EPL,Brighton,1.2529933378100395,3.2941888589411974,1635,19,19,6.6,0.0789475048807534,0.18849911696531557
605,Jordan Henderson,HENDERSON Jordan,England,MF,91,3,Brentford FC (ENG),EPL,Brentford,0.5513727776706219,3.320531530305743,1935,32,32,7.4,0.0,0.10595293865549217
934,Axel Tuanzebe,TUANZEBE Axel,Congo DR,DF,16,1,Burnley FC (ENG),EPL,Burnley,0.5582677125930786,0.0,1209,14,14,5.0,0.06516743726767454,0.0
1688,Andrew Robertson,ROBERTSON Andy,Scotland,DF,97,4,Liverpool FC (ENG),EPL,Liverpool,1.047316076233983,1.5095006115734575,1160,24,24,7.0,0.12700512816829063,0.07056168180319566
2496,Rodri,RODRI,Spain,MF,65,4,Manchester City FC (ENG),EPL,Manchester City,1.1884781727567315,2.2761295437812805,1500,21,21,7.3,0.13216944257700186,0.12617068820021632
2517,Martin Odegaard,ODEGAARD Martin,Norway,MF,71,5,Arsenal FC (ENG),EPL,Arsenal,1.219119856134057,4.978420486673713,1347,24,24,8.5,0.048287410973334166,0.3538795369740551
3203,Issa Diop,DIOP Issa,Morocco,DF,7,1,Fulham FC (ENG),EPL,Fulham,0.4416985362768173,0.0,810,13,13,4.9,0.0976033972681693,0.0
5786,Yoane Wissa,WISSA Yoane,Congo DR,FW,41,11,Newcastle United FC (ENG),EPL,Newcastle United,3.238182602450252,0.1695390567183494,492,19,19,8.9,0.7482536538540198,0.039126656865596174
6108,Rodrigo Bentancur,BENTANCUR Rodrigo,Uruguay,MF,76,3,Tottenham Hotspur FC (ENG),EPL,Tottenham,0.9771954659372568,0.8773890770971775,1931,26,26,6.9,0.036264268156984615,0.018192701614820034
6326,Ibrahima Konaté,KONATE Ibrahima,France,DF,29,0,Liverpool FC (ENG),EPL,Liverpool,1.9586246628314257,0.7252839719876647,3133,36,36,5.5,0.021467611955436977,0.005016461400282643
6888,William Saliba,SALIBA William,France,DF,35,0,Arsenal FC (ENG),EPL,Arsenal,1.5777585953474045,1.306027840822935,2609,31,31,5.7,0.04701676043597135,0.106537557461045
6912,Pedro Porro,PORRO Pedro,Spain,DF,19,0,Tottenham Hotspur FC (ENG),EPL,Tottenham,1.4028917597606778,4.247651634737849,2815,34,34,5.8,0.07755526715119716,0.16699602863981772
7134,Marc Cucurella,CUCURELLA Marc,Spain,DF,27,1,Chelsea FC (ENG),EPL,Chelsea,1.8860962446779013,4.541678033769131,2714,34,34,6.1,0.04486966154111699,0.11581728865857209
7281,Diogo Dalot,DIOGO DALOT,Portugal,DF,36,3,Manchester United FC (ENG),EPL,Manchester United,2.194661596789956,3.5058063408359885,2614,34,34,6.2,0.07775165751566043,0.0789175308659714
7382,Dan Burn,BURN Dan,England,DF,8,0,Newcastle United FC (ENG),EPL,Newcastle United,0.9214910920709372,0.4085770333185792,2205,29,29,4.9,0.09972298658487706,0.01023770689469649
7752,Gabriel Martinelli,GABRIEL MARTINELLI,Brazil,FW,26,5,Arsenal FC (ENG),EPL,Arsenal,5.357063241302967,2.569171307608485,1025,30,30,9.0,0.44619455262643265,0.31805216247961865
7762,Jean-Ricner Bellegarde,BELLEGARDE Jean-Ricner,Haiti,MF,13,0,Wolverhampton Wanderers FC (ENG),EPL,Wolverhampton Wanderers,0.8698065197095275,1.216556794941425,1268,26,26,6.0,0.02449619226503352,0.13940641540585708
8006,Evann Guessand,GUESSAND Evann,Côte D'Ivoire,FW,23,4,Crystal Palace FC (ENG),EPL,"Aston Villa,Crystal Palace",1.8542680740356443,1.2377337515354156,920,21,21,7.0,0.1139176208243425,0.05712662493672144
8430,Chris Richards,RICHARDS Chris,USA,DF,38,3,Crystal Palace FC (ENG),EPL,Crystal Palace,1.7814537715166807,0.4875335106626153,2819,33,33,5.6,0.14121499033096957,0.00991511305565024
8662,Dan Ndoye,NDOYE Dan,Switzerland,FW,34,8,Nottingham Forest FC (ENG),EPL,Nottingham Forest,1.1724078450351954,1.552884567528963,1184,24,24,6.7,0.12684950786432567,0.2854771559920844
8853,Maxence Lacroix,LACROIX Maxence,France,DF,5,0,Crystal Palace FC (ENG),EPL,Crystal Palace,3.006834846921265,1.2868863735347986,3094,35,35,5.2,0.05046864011280362,0.011156421084858145
8940,Antonee Robinson,ROBINSON Antonee,USA,DF,56,5,Fulham FC (ENG),EPL,Fulham,0.2160780364647507,1.090028055012226,1484,22,22,6.0,0.01542637159621141,0.04997750815587471
8986,Omar Alderete,ALDERETE Omar,Paraguay,DF,39,3,Sunderland AFC (ENG),EPL,Sunderland,1.5455667236819863,0.6074565481394529,2808,33,33,5.6,0.038910815598515475,0.002860804748477281
9558,Hannibal Mejbri,MEJBRI Hannibal,Tunisia,MF,48,1,Burnley FC (ENG),EPL,Burnley,0.7498194272629917,2.838189367204905,1251,27,27,7.3,0.0808524341938206,0.20876453140521564
9911,Piero Hincapié,HINCAPIE Piero,Ecuador,DF,56,2,Arsenal FC (ENG),EPL,Arsenal,0.4126348299905658,2.1274072602391243,1786,25,25,6.3,0.022771357022703997,0.1684821613803153
11000,Matheus Nunes,MATHEUS NUNES,Portugal,MF,21,2,Manchester City FC (ENG),EPL,Manchester City,0.6754733501002192,3.0990526378154755,2865,34,34,6.0,0.005232185470551597,0.08910903876151124
11174,Kobbie Mainoo,MAINOO Kobbie,England,MF,14,0,Manchester United FC (ENG),EPL,Manchester United,0.5174760585650802,1.190059178508818,1623,28,28,5.8,0.05410161655516879,0.07609619680973077
11710,Simon Adingra,ADINGRA Simon,Côte D'Ivoire,FW,30,5,AS Monaco (FRA),EPL,Sunderland,0.3356043994426727,0.7323711905628443,665,14,14,6.3,0.23177254636250635,0.21888833321908452
12912,Lucas Bergvall,BERGVALL Lucas,Sweden,MF,14,0,Tottenham Hotspur FC (ENG),EPL,Tottenham,1.4342994708567858,0.2916291374713182,956,23,23,6.1,0.16535055282629538,0.018678941800628266
13066,Ferdi Kadioglu,KADIOGLU Ferdi,Türkiye,DF,32,2,Brighton & Hove Albion FC (ENG),EPL,Brighton,2.019620954990387,2.244557812809944,3145,37,37,5.8,0.07249616340480063,0.1786218387159434
579,Nathan Aké,AKE Nathan,Netherlands,DF,62,5,Manchester City FC (ENG),EPL,Manchester City,1.096199356019497,0.7114442009478807,681,18,18,6.9,0.26683694361245425,0.03742625509070665
586,John Stones,STONES John,England,DF,90,3,Manchester City FC (ENG),EPL,Manchester City,0.0,0.062762975692749,445,9,9,6.1,0.0,0.014956755019454746
741,Jordan Pickford,PICKFORD Jordan,England,GK,87,0,Everton FC (ENG),EPL,Everton,0.0,0.2333715260028839,3420,38,38,6.0,0.0,0.026715756004506885
1257,Alisson,ALISSON,Brazil,GK,82,0,Liverpool FC (ENG),EPL,Liverpool,0.0,0.0,2340,26,26,6.0,0.0,0.0
1823,Lucas Digne,DIGNE Lucas,France,DF,60,0,Aston Villa FC (ENG),EPL,Aston Villa,0.7033488415181637,3.052508193999529,1857,31,31,6.6,0.020883075835986156,0.22348464290278502
2182,Jefferson Lerma,LERMA Jefferson,Colombia,MF,68,5,Crystal Palace FC (ENG),EPL,Crystal Palace,2.208588045090437,1.7842966839671135,1693,31,31,7.4,0.0889575916670302,0.09267563501822679
2254,Mateo Kovacic,KOVACIC Mateo,Croatia,MF,116,5,Manchester City FC (ENG),EPL,Manchester City,0.0921628773212432,0.4274698607623577,120,6,6,8.4,0.07147480042595715,0.27257879864320483
4401,Emiliano Martinez,MARTINEZ Emiliano,Argentina,GK,62,0,Aston Villa FC (ENG),EPL,Aston Villa,0.0,0.3538400158286094,2837,32,32,5.8,0.0,0.05104251680049028
5261,Kevin Danso,DANSO Kevin,Austria,DF,35,0,Tottenham Hotspur FC (ENG),EPL,Tottenham,0.5242262706160545,0.1586722880601883,1489,24,24,5.4,0.05292353761787827,0.02051114193938246
5544,Angus Gunn,GUNN Angus,Scotland,GK,25,0,Nottingham Forest FC (ENG),EPL,Nottingham Forest,0.0,0.0,38,1,1,5.0,0.0,0.0
5584,Aaron Wan-Bissaka,WAN-BISSAKA Aaron,Congo DR,DF,15,0,West Ham United FC (ENG),EPL,West Ham,0.0,1.428995594382286,2093,25,25,5.1,0.0,0.08519602178763858
5956,Youri Tielemans,TIELEMANS Youri,Belgium,MF,88,13,Aston Villa FC (ENG),EPL,Aston Villa,1.8399642640724776,2.9822675781324506,1861,25,25,7.7,0.040339545066869716,0.06958883904947849
6080,Victor Lindelöf,LINDELOF Victor,Sweden,DF,80,3,Aston Villa FC (ENG),EPL,Aston Villa,0.1561275906860828,0.5980998799204826,938,17,17,6.4,0.022540596138856128,0.044267835653372826
6145,Daichi Kamada,KAMADA Daichi,Japan,MF,53,14,Crystal Palace FC (ENG),EPL,Crystal Palace,1.4871895518153906,2.585762256756425,1924,28,28,7.0,0.05432443470792493,0.19159854127706452
6157,Timothy Castagne,CASTAGNE Timothy,Belgium,DF,66,2,Fulham FC (ENG),EPL,Fulham,1.470174259506166,1.7460119286552072,1849,30,30,6.6,0.09499888807630386,0.15464208056085021
6674,Rayan Ait Nouri,AIT-NOURI Rayan,Algeria,DF,33,0,Manchester City FC (ENG),EPL,Manchester City,0.4981528613716364,1.7330033089965582,981,17,17,6.2,0.05958930237400592,0.21716068637161412
7702,Dean Henderson,HENDERSON Dean,England,GK,5,0,Crystal Palace FC (ENG),EPL,Crystal Palace,0.0,0.0154756419360637,3330,37,37,4.6,0.0,0.0
7726,Ezri Konsa Ngoyo,KONSA Ezri,England,DF,23,1,Aston Villa FC (ENG),EPL,Aston Villa,1.0740509293973446,0.6014871783554554,3036,34,34,5.2,0.029010132090611887,0.003945219381289047
8285,Sander Berge,BERGE Sander,Norway,MF,69,1,Fulham FC (ENG),EPL,Fulham,1.3464614748954773,1.985070546157658,2935,35,35,6.9,0.06766323353723515,0.07475738816310187
8812,Sasa Kalajdzic,KALAJDZIC Sasa,Austria,FW,24,5,LASK Linz (AUT),EPL,Wolverhampton Wanderers,0.0,0.0,11,1,1,5.5,0.0,0.0
8942,Aaron Hickey,HICKEY Aaron,Scotland,DF,22,0,Brentford FC (ENG),EPL,Brentford,0.5498570688068867,0.6038424372673035,668,21,21,5.7,0.015544962456456755,0.0
9077,James Trafford,TRAFFORD James,England,GK,2,0,Manchester City FC (ENG),EPL,Manchester City,0.0,0.0,360,4,4,4.5,0.0,0.0
9524,Anthony Elanga,ELANGA Anthony,Sweden,FW,34,8,Newcastle United FC (ENG),EPL,Newcastle United,1.4534468036144972,1.749520514160395,1289,32,32,6.8,0.12061872851460212,0.03370569959441397
9676,David Raya,RAYA David,Spain,GK,13,0,Arsenal FC (ENG),EPL,Arsenal,0.0,0.1493939720094204,3330,37,37,4.8,0.0,0.0
9677,Kristoffer Ajer,AJER Kristoffer,Norway,DF,55,2,Brentford FC (ENG),EPL,Brentford,1.053914662450552,0.9042857214808464,1809,27,27,6.1,0.0039731900679710105,0.019295942105690862
9740,José Sá,JOSE SA,Portugal,GK,5,0,Wolverhampton Wanderers FC (ENG),EPL,Wolverhampton Wanderers,0.0,0.0831252336502075,2070,23,23,4.6,0.0,0.0
9944,Gabriel Gudmundsson,GUDMUNDSSON Gabriel,Sweden,DF,28,0,Leeds United FC (ENG),EPL,Leeds,0.8777289493009448,3.1013932153582573,2657,32,32,5.7,0.017211814401615053,0.11309550261833297
10292,Nathan Patterson,PATTERSON Nathan,Scotland,DF,29,1,Everton FC (ENG),EPL,Everton,0.1701965481042862,0.0,241,7,7,5.4,0.037962055339246,0.0
10696,Noussair Mazraoui,MAZRAOUI Noussair,Morocco,DF,49,2,Manchester United FC (ENG),EPL,Manchester United,0.1968064438551664,0.2094872146844864,990,20,20,5.7,0.016753061939984687,0.031166275252322625
10764,Djed Spence,SPENCE Djed,England,DF,9,0,Tottenham Hotspur FC (ENG),EPL,Tottenham,1.1351130530238152,1.8603137182071805,2068,30,30,5.3,0.021068636140398448,0.012495366799301464
10802,Lisandro Martínez,MARTINEZ Lisandro,Argentina,DF,30,1,Manchester United FC (ENG),EPL,Manchester United,0.1134660253301262,0.4642033223062753,1217,18,18,5.3,0.011205626007246724,0.0048138960128649155
10864,Marcos Senesi,SENESI Marcos,Argentina,DF,4,0,AFC Bournemouth (ENG),EPL,Bournemouth,1.850691837258637,4.026684596203268,3298,37,37,5.4,0.011189349605278526,0.0688664188100533
11167,Chadi Riad,RIAD Chadi,Morocco,DF,10,1,Crystal Palace FC (ENG),EPL,Crystal Palace,0.2799455123022198,0.427691638469696,562,9,9,5.3,0.03990859094655183,0.020205904179670674
11231,Ben Doak,GANNON-DOAK Ben,Scotland,FW,17,1,AFC Bournemouth (ENG),EPL,Bournemouth,0.4458508342504501,0.4571621716022491,82,8,8,9.8,0.6207428252590552,0.2938899674585887
11253,Mamadou Sarr,SARR Mamadou,Senegal,DF,8,0,Chelsea FC (ENG),EPL,Chelsea,0.5694634318351746,0.0,99,3,3,7.2,0.14703397665305612,0.0
11701,Zeki Amdouni,AMDOUNI Zeki,Switzerland,FW,30,11,Burnley FC (ENG),EPL,Burnley,0.172810111194849,0.0,53,4,4,7.1,0.26023999957013183,0.0
11704,Hjalmar Ekdal,EKDAL Hjalmar,Sweden,DF,13,0,Burnley FC (ENG),EPL,Burnley,0.6082124067470431,0.1681445082649588,1545,19,19,5.0,0.016913749750091796,0.0041050846764298056
11711,Bart Verbruggen,VERBRUGGEN Bart,Netherlands,GK,33,0,Brighton & Hove Albion FC (ENG),EPL,Brighton,0.0,0.076464258134365,3420,38,38,5.2,0.0,0.0
11766,Manuel Ugarte,UGARTE Manuel,Uruguay,MF,38,1,Manchester United FC (ENG),EPL,Manchester United,0.8379190387204289,0.1287948712706565,850,22,22,6.3,0.2542366172279675,0.008397026582382096
11903,Oscar Bobb,BOBB Oscar,Norway,MF,24,2,Fulham FC (ENG),EPL,"Fulham,Manchester City",1.4291031155735254,2.017092976719141,1046,23,23,7.0,0.09437209412956837,0.1853709496351829
12054,Altay Bayindir,BAYINDIR Altay,Türkiye,GK,12,0,Manchester United FC (ENG),EPL,Manchester United,0.0,0.2939172387123108,540,6,6,5.0,0.0,0.039188965161641436
13064,Lutsharel Geertruida,GEERTRUIDA Lutsharel,Netherlands,DF,21,0,Sunderland AFC (ENG),EPL,Sunderland,0.8372280839830637,0.773734993301332,1659,28,28,5.4,0.033171290517347275,0.02654891234735097
13712,Robin Roefs,ROEFS Robin,Netherlands,GK,1,0,Sunderland AFC (ENG),EPL,Sunderland,0.0,0.7053439579904079,3150,35,35,4.6,0.0,0.0
13716,Noah Sadiki,SADIKI Noah,Congo DR,MF,23,0,Sunderland AFC (ENG),EPL,Sunderland,1.618839449249208,0.9295975510030984,2914,33,33,5.9,0.13967027688216682,0.062039349195287266
13723,El Hadji Malick Diouf,DIOUF El Hadji Malick,Senegal,DF,22,1,West Ham United FC (ENG),EPL,West Ham,0.5592501647770405,3.253779597580433,2711,32,32,5.6,0.012356124996194404,0.10466183036072038
13740,David Møller Wolfe,MOLLER WOLFE David,Norway,DF,25,1,Wolverhampton Wanderers FC (ENG),EPL,Wolverhampton Wanderers,0.0825581811368465,1.304669253528118,1059,22,22,5.6,0.0,0.01942804850199641
13776,Jorrel Hato,HATO Jorrel,Netherlands,DF,9,0,Chelsea FC (ENG),EPL,Chelsea,0.3383092209696769,0.7095918618142605,1131,22,22,5.1,0.0029531071823715883,0.015898610503202303
14056,Senne Lammens,LAMMENS Senne,Belgium,GK,2,0,Manchester United FC (ENG),EPL,Manchester United,0.0,0.0,2880,32,32,4.5,0.0,0.0
14272,Tyler Fletcher,FLETCHER Tyler,Scotland,MF,2,0,Manchester United FC (ENG),EPL,Manchester United,0.0,0.0,14,2,2,5.0,0.0,0.0
14424,Nilson Angulo,ANGULO Nilson,Ecuador,FW,18,3,Sunderland AFC (ENG),EPL,Sunderland,0.9055802077054976,0.0528695490211248,415,8,8,6.4,0.19026064693134148,0.008336606591459576
3423,Kylian Mbappe-Lottin,MBAPPE Kylian,France,FW,102,62,Real Madrid C. F. (ESP),La_Liga,Real Madrid,19.107029650360342,7.240631651133299,2623,31,31,11.0,0.6683964409157187,0.1086433401543223
1235,Ante Budimir,BUDIMIR Ante,Croatia,FW,40,7,CA Osasuna (ESP),La_Liga,Osasuna,13.24554404988885,1.7123363316059113,2995,37,37,8.0,0.5486673277299591,0.15941761887035102
6441,Ferrán Torres,TORRES Ferran,Spain,FW,60,24,FC Barcelona (ESP),La_Liga,Barcelona,16.183371974155307,3.157755734398961,2025,33,33,10.5,0.4430350924419541,0.2368454589272999
7008,Vinícius Júnior,VINICIUS JUNIOR,Brazil,FW,53,13,Real Madrid C. F. (ESP),La_Liga,Real Madrid,10.687374416738749,7.155190063640475,2865,36,36,8.9,0.3289350168799747,0.2730657344926254
11527,Lamine Yamal,YAMAL Lamine,Spain,FW,28,7,FC Barcelona (ESP),La_Liga,Barcelona,11.691579438745975,12.566995456814766,2291,28,28,10.1,0.5933689933887424,0.3906897492376129
2234,Mikel Oyarzabal,OYARZABAL Mikel,Spain,FW,56,27,Real Sociedad (ESP),La_Liga,Real Sociedad,10.825419073924422,5.957455115392804,2727,34,34,8.9,0.167739517515261,0.13363773412868724
2543,Borja Iglesias,IGLESIAS Borja,Spain,FW,8,0,RC Celta Vigo (ESP),La_Liga,Celta Vigo,8.635529387742281,1.6599800884723663,1903,35,35,7.6,0.23189260547570956,0.0
6531,Alexander Sørloth,SORLOTH Alexander,Norway,FW,75,26,Atlético De Madrid (ESP),La_Liga,Atletico Madrid,13.927608631551266,1.2237359210848808,1955,35,35,10.0,0.9591052183658695,0.0007706192516944484
8026,Raphinha,RAPHINHA,Brazil,FW,41,11,FC Barcelona (ESP),La_Liga,Barcelona,8.897310553118587,5.906838221475482,1424,22,22,10.3,0.7140330170185395,0.2689158291332325
6954,Juan Camilo Hernández,HERNANDEZ Cucho,Colombia,FW,10,2,Real Betis (ESP),La_Liga,Real Betis,11.65707252174616,4.870423881337047,2623,32,32,8.0,0.5818494679393149,0.1332928736041312
5656,Nicolas Pepe,PEPE Nicolas,Côte D'Ivoire,FW,60,14,Villarreal CF (ESP),La_Liga,Villarreal,8.317013502120972,8.080096108838916,2497,37,37,9.2,0.16323495618090866,0.3808948726787452
13705,Federico Viñas,VINAS Federico,Uruguay,FW,14,2,Real Oviedo (ESP),La_Liga,Real Oviedo,8.392383448779583,3.027751691639424,2575,34,34,7.3,0.20407848877398096,0.1227321773940521
556,Marcus Rashford,RASHFORD Marcus,England,FW,75,19,FC Barcelona (ESP),La_Liga,Barcelona,8.697766778059304,4.963629940524697,1739,32,32,10.0,0.2586417147179568,0.17488748545323476
5682,Gonçalo Guedes,GONCALO GUEDES,Portugal,FW,35,8,Real Sociedad (ESP),La_Liga,Real Sociedad,4.142274813726544,2.665413634851575,1833,32,32,7.4,0.1614866044442838,0.11317514846047909
10846,Julián Álvarez,ALVAREZ Julian,Argentina,FW,54,14,Atlético De Madrid (ESP),La_Liga,Atletico Madrid,6.664767829701304,6.265264900401235,1926,29,29,9.1,0.3590332978901547,0.2637369597155457
8292,Dani Olmo,OLMO Dani,Spain,FW,53,12,FC Barcelona (ESP),La_Liga,Barcelona,8.75443153269589,6.657491793856025,2109,33,33,9.3,0.16773469562309948,0.2850140423764216
10974,Samú Costa,SAMU COSTA,Portugal,DF,7,0,RCD Mallorca (ESP),La_Liga,Mallorca,4.27746016997844,1.979983518831432,2731,34,34,5.7,0.23736906421807508,0.11891007505905123
12322,Tajon Buchanan,BUCHANAN Tajon,Canada,FW,64,8,Villarreal CF (ESP),La_Liga,Villarreal,2.74269391130656,2.5965847074985504,1873,35,35,7.6,0.06269595523337139,0.0
8824,Jude Bellingham,BELLINGHAM Jude,England,MF,51,8,Real Madrid C. F. (ESP),La_Liga,Real Madrid,7.732056498527527,3.037935324013233,1933,28,28,8.5,0.18065009840723203,0.05021395671644662
9211,Nico Williams,WILLIAMS Nico,Spain,FW,33,6,Athletic Club (ESP),La_Liga,Athletic Club,4.375999530777335,4.138543902896345,1715,25,25,7.9,0.22018242936596097,0.05924345127962639
13279,Víctor Muñoz,MUNOZ Victor,Spain,FW,2,1,CA Osasuna (ESP),La_Liga,Osasuna,7.114694999530912,2.412180700339377,2705,34,34,6.6,0.32988790906038074,0.11358312377523075
2624,Djibril Sow,SOW Djibril,Switzerland,MF,54,0,Sevilla FC (ESP),La_Liga,Sevilla,1.5513262078166008,2.01867562904954,2235,33,33,6.8,0.027313881780999628,0.12392229280487634
6241,Federico Valverde,VALVERDE Federico,Uruguay,MF,76,9,Real Madrid C. F. (ESP),La_Liga,Real Madrid,2.2435944536700845,5.012471796944737,2765,33,33,7.7,0.12075289806577987,0.08082252706255169
7074,Nicolás González,GONZALEZ Nico,Argentina,MF,53,6,Atlético De Madrid (ESP),La_Liga,Atletico Madrid,5.666498072445393,1.7241394147276878,1480,24,24,8.3,0.44981173190503637,0.039483764794342645
8328,Azz-Eddine Ounahi,OUNAHI Azzedine,Morocco,MF,53,9,Girona FC (ESP),La_Liga,Girona,3.106873992830515,5.440476134419441,1777,24,24,8.2,0.11696625905999121,0.2940218108402771
8696,Pape Alassane Gueye,GUEYE Pape,Senegal,MF,45,8,Villarreal CF (ESP),La_Liga,Villarreal,4.466959962621331,2.2214559176936746,2280,31,31,7.2,0.19448883524299776,0.038300972371049444
9796,Giuliano Simeone,SIMEONE Giuliano,Argentina,FW,14,2,Atlético De Madrid (ESP),La_Liga,Atletico Madrid,6.101236687973142,5.526886135339737,2153,31,31,7.7,0.21358652650336096,0.2543423236337917
12190,Arda Güler,GULER Arda,Türkiye,FW,33,7,Real Madrid C. F. (ESP),La_Liga,Real Madrid,4.8113659825176,8.848396001383662,2076,33,33,8.6,0.06989707382434338,0.3649095504741472
2306,Cédric Bakambu,BAKAMBU Cedric,Congo DR,FW,73,21,Real Betis (ESP),La_Liga,Real Betis,4.446228556334972,1.0754088601097465,542,18,18,11.0,0.5142190103563494,0.26277916137933005
2399,Iñaki Williams,WILLIAMS Inaki,Ghana,FW,27,2,Athletic Club (ESP),La_Liga,Athletic Club,7.9171632546931505,4.209227036684752,2188,30,30,8.0,0.4908349236723259,0.28880314834643755
7810,Ruben Vargas,VARGAS Ruben,Switzerland,FW,64,13,Sevilla FC (ESP),La_Liga,Sevilla,2.683043917641044,3.1103639528155327,1670,24,24,7.8,0.14500431665804053,0.14840738724649888
8091,Ronald Araújo,ARAUJO Ronald,Uruguay,DF,27,1,FC Barcelona (ESP),La_Liga,Barcelona,2.3027837397530675,0.5996876899152994,1049,24,24,6.3,0.16634808386757585,0.13326405748099523
12862,Luka Sucic,SUCIC Luka,Croatia,MF,22,1,Real Sociedad (ESP),La_Liga,Real Sociedad,1.760162802413106,0.3618826083838939,1003,22,22,6.4,0.15444964835776603,0.02308830956889255
13358,Thiago Almada,ALMADA Thiago,Argentina,FW,19,5,Atlético De Madrid (ESP),La_Liga,Atletico Madrid,3.557283066213131,2.7944966796785597,1327,27,27,7.5,0.03411146568592331,0.24059388593174919
2379,João Cancelo,JOAO CANCELO,Portugal,DF,71,12,FC Barcelona (ESP),La_Liga,Barcelona,0.9704140685498714,3.250015649944544,938,16,16,7.9,0.042176257666498955,0.22666544005612402
5681,Giovani Lo Celso,LO CELSO Giovani,Argentina,MF,68,5,Real Betis (ESP),La_Liga,Real Betis,2.9037401657551527,2.8784077670425177,1396,24,24,8.2,0.10011331874635963,0.08946011282632638
8001,Takefusa Kubo,KUBO Takefusa,Japan,MF,50,7,Real Sociedad (ESP),La_Liga,Real Sociedad,2.659126302227378,4.556258842349052,1531,24,24,8.1,0.061016540547569276,0.33986341192453484
8417,Álex Baena,BAENA Alex,Spain,MF,19,3,Atlético De Madrid (ESP),La_Liga,Atletico Madrid,1.78207378834486,6.565278625115752,1615,27,27,7.7,0.05717863182931948,0.5217218757334839
8935,Pedri,PEDRI,Spain,MF,44,6,FC Barcelona (ESP),La_Liga,Barcelona,2.386106515303254,5.947577686980367,2117,29,29,7.7,0.013931705388317969,0.19662327485592854
8963,Nahuel Molina,MOLINA Nahuel,Argentina,DF,60,1,Atlético De Madrid (ESP),La_Liga,Atletico Madrid,0.4005685858428478,3.0108713675290346,1292,26,26,6.9,0.055559528504574615,0.38954764201736897
9815,Pathé Ciss,CISS Pathe,Senegal,MF,34,0,Rayo Vallecano (ESP),La_Liga,Rayo Vallecano,3.959737098775804,0.4796251012012362,1974,29,29,6.7,0.16933807020756983,0.05200360963881383
10382,Eray Cömert,COEMERT Eray,Switzerland,DF,22,0,Valencia CF (ESP),La_Liga,Valencia,1.5202789390459657,0.5236826231703162,1341,17,17,5.6,0.04777229169663337,0.0719369556992865
13996,Tani Oluwaseyi,OLUWASEYI Tani,Canada,FW,28,2,Villarreal CF (ESP),La_Liga,Villarreal,3.61861627176404,2.047514596953988,949,28,28,8.2,0.024858098515795995,0.055071708201640174
1822,Antonio Rüdiger,RUEDIGER Antonio,Germany,DF,86,3,Real Madrid C. F. (ESP),La_Liga,Real Madrid,1.4131802674382925,0.3116191700100899,1501,18,18,6.5,0.06422689414037949,0.006405019105413276
3059,Axel Witsel,WITSEL Axel,Belgium,MF,138,12,Girona FC (ESP),La_Liga,Girona,2.5918547697365284,2.218277433887124,2546,32,32,7.4,0.02385785245889627,0.0033939378081931774
6421,Brahim Diaz,DIAZ Brahim,Morocco,FW,30,15,Real Madrid C. F. (ESP),La_Liga,Real Madrid,1.7095827870070934,3.635775487869978,1243,30,30,7.5,0.19784778733936387,0.23331470229173012
6433,Jules Koundé,KOUNDE Jules,France,DF,52,0,FC Barcelona (ESP),La_Liga,Barcelona,2.200108475983143,4.6446145586669445,2247,30,30,6.9,0.08632432013217517,0.327881468716299
6560,Aurelien Tchouameni,TCHOUAMENI Aurelien,France,MF,49,3,Real Madrid C. F. (ESP),La_Liga,Real Madrid,3.0622244104743004,2.313327204436064,2656,33,33,6.9,0.11108665583050172,0.024768228743486304
7007,Duje Caleta-Car,CALETA-CAR Duje,Croatia,DF,38,1,Real Sociedad (ESP),La_Liga,Real Sociedad,1.877065658569336,0.1966800149530172,2140,27,27,5.7,0.03199867810518176,0.0
7781,Frenkie de Jong,DE JONG Frenkie,Netherlands,MF,70,2,FC Barcelona (ESP),La_Liga,Barcelona,1.0822599418461325,5.096247639507055,1597,25,25,8.1,0.10440962085793253,0.41737257719256726
8045,Eric Garcia,GARCIA Eric,Spain,DF,21,0,FC Barcelona (ESP),La_Liga,Barcelona,3.3442033734172583,1.9652331974357369,2761,34,34,5.8,0.007824530661895163,0.06184455895011146
10189,Marc Pubill,PUBILL Marc,Spain,DF,2,0,Atlético De Madrid (ESP),La_Liga,Atletico Madrid,1.324379259720445,0.6268223077058792,1377,19,19,5.2,0.22570893911364437,0.004704628686205422
10936,Charles Pickel,PICKEL Charles,Congo DR,MF,36,1,RCD Espanyol (ESP),La_Liga,Espanyol,0.7815196216106415,0.0352792246267199,658,24,24,6.3,0.13525355730015515,0.0007440875740062059
12005,Pau Cubarsí,CUBARSI Pau,Spain,DF,15,0,FC Barcelona (ESP),La_Liga,Barcelona,0.5516378730535507,0.4353954568505287,2733,31,31,5.0,0.0008997491632516558,0.0077479547606064715
13837,David Affengruber,AFFENGRUBER David,Austria,DF,1,0,Elche CF (ESP),La_Liga,Elche,1.327795687597245,1.4741862853989005,2958,36,36,4.9,0.051664233040767435,0.1232386262525084
14440,Álvaro Fidalgo,FIDALGO Alvaro,Mexico,MF,6,1,Real Betis (ESP),La_Liga,Real Betis,0.5265598297119141,0.1963401176035404,567,9,9,5.7,0.07677806156728914,0.028762776283962028
250,Ørjan Nyland,NYLAND Orjan,Norway,GK,74,0,Sevilla FC (ESP),La_Liga,Sevilla,0.0,0.0,450,5,5,6.0,0.0,0.0
308,Ricardo Rodríguez,RODRIGUEZ Ricardo,Switzerland,DF,141,9,Real Betis (ESP),La_Liga,Real Betis,0.1410916894674301,0.4879046082496643,1552,23,23,6.2,0.0029470795654376243,0.006978796442835385
391,David Alaba,ALABA David,Austria,DF,116,15,Real Madrid C. F. (ESP),La_Liga,Real Madrid,0.2578099928796291,0.0,419,11,11,6.3,0.05216759931362099,0.0
680,Thibaut Courtois,COURTOIS Thibaut,Belgium,GK,112,0,Real Madrid C. F. (ESP),La_Liga,Real Madrid,0.0,0.0,2880,32,32,6.0,0.0,0.0
2328,Thomas Partey,PARTEY Thomas,Ghana,MF,61,16,Villarreal CF (ESP),La_Liga,Villarreal,0.5110291205346584,0.3267965614795685,892,26,26,6.6,0.11854784320920768,0.07092702363345667
2498,Aymeric Laporte,LAPORTE Aymeric,Spain,DF,49,2,Athletic Club (ESP),La_Liga,Athletic Club,1.8204883504658935,0.4414121750742197,2068,25,25,6.0,0.06856553898718272,0.0021379901640008877
2518,Marcos Llorente,LLORENTE Marcos,Spain,DF,26,0,Atlético De Madrid (ESP),La_Liga,Atletico Madrid,2.2122418731451035,4.202356196939945,2190,29,29,6.3,0.08189252710561505,0.060812092964555954
5185,Unai Simón,SIMON Unai,Spain,GK,61,0,Athletic Club (ESP),La_Liga,Athletic Club,0.0,0.0318873859941959,3330,37,37,5.7,0.0,0.0
6242,Johan Mojica,MOJICA Johan,Colombia,DF,47,1,RCD Mallorca (ESP),La_Liga,Mallorca,0.8061857065185905,3.927842003293336,2723,35,35,6.2,0.04533838709763844,0.17967152661372718
7095,Juan Musso,MUSSO Juan,Argentina,GK,4,0,Atlético De Madrid (ESP),La_Liga,Atletico Madrid,0.0,0.0,720,8,8,4.6,0.0,0.0
7655,Carl Starfelt,STARFELT Carl,Sweden,DF,19,0,RC Celta Vigo (ESP),La_Liga,Celta Vigo,0.3869095593690872,0.0776824131608009,1492,19,19,5.0,0.006744069098991371,0.004250963022581322
7927,Sofyan Amrabat,AMRABAT Sofyan,Morocco,MF,76,0,Real Betis (ESP),La_Liga,Real Betis,0.2392287040129304,0.2395817404612898,1297,17,17,6.7,0.01586411087074562,0.0047257250280898925
8200,Logan Costa,LOGAN COSTA,Cabo Verde,DF,28,0,Villarreal CF (ESP),La_Liga,Villarreal,0.0,0.1427489966154098,21,2,2,8.1,0.0,0.5810386294396077
9773,Joan García,GARCIA Joan,Spain,GK,2,0,FC Barcelona (ESP),La_Liga,Barcelona,0.0,0.0,2700,30,30,4.5,0.0,0.0
9804,Gavi,GAVI,Spain,MF,31,5,FC Barcelona (ESP),La_Liga,Barcelona,0.0,0.68575119972229,578,11,11,6.2,0.0,0.10692239866609311
11105,Abdul Mumin,MUMIN Abdul,Ghana,DF,5,0,Rayo Vallecano (ESP),La_Liga,Rayo Vallecano,0.0,0.0,77,3,3,4.6,0.0,0.0
11383,Renato Veiga,RENATO VEIGA,Portugal,DF,16,1,Villarreal CF (ESP),La_Liga,Villarreal,0.1982421772554516,0.1171861607581377,2553,33,33,4.9,0.0027238212337783426,0.009922594743271068
11401,Haissem Hassan,HAISSEM HASSAN,Egypt,FW,4,0,Real Oviedo (ESP),La_Liga,Real Oviedo,1.9617184847593307,1.7974820844829082,1937,38,38,6.0,0.028921950164191166,0.04544812438919221
12721,Ladislav Krejcí,KREJCI Ladislav,Czechia,DF,30,6,Wolverhampton Wanderers FC (ENG),La_Liga,Girona,0.1215347275137901,0.0,180,2,2,5.4,0.052167059502592095,0.13295384755948536
12884,Endrick,ENDRICK,Brazil,FW,20,4,Olympique Lyonnais (FRA),La_Liga,Real Madrid,0.0,0.0,5,1,1,5.4,0.4141803832232582,0.30868360117869315
13699,Kwasi Sibo,SIBO Kwasi,Ghana,MF,11,0,Real Oviedo (ESP),La_Liga,Real Oviedo,0.3234209390357137,0.0500031504780054,1782,27,27,5.3,0.007939581413917169,0.0018023736131914715
14396,Alexander Freeman,FREEMAN Alex,USA,DF,20,3,Villarreal CF (ESP),La_Liga,Villarreal,0.0165326949208974,0.0153919970616698,332,10,10,4.9,0.0027968844790991847,0.0026039092773501547
14439,Obed Vargas,VARGAS Obed,Mexico,MF,9,0,Atlético De Madrid (ESP),La_Liga,Atletico Madrid,0.1979613173753023,0.1968949781730771,742,12,12,5.4,0.033413451030491786,0.02086282008262797
647,Harry Kane,KANE Harry,England,FW,117,82,FC Bayern München (GER),Bundesliga,Bayern Munich,21.244441921822727,7.403329385444522,2385,31,31,11.0,0.7833433354025696,0.26171666859038933
10804,Deniz Undav,UNDAV Deniz,Germany,FW,13,9,VfB Stuttgart (GER),Bundesliga,VfB Stuttgart,18.299770614132285,5.584789767861366,2261,29,29,9.8,0.5039410394637432,0.3352777853860219
1236,Patrik Schick,SCHICK Patrik,Czechia,FW,56,26,Bayer 04 Leverkusen (GER),Bundesliga,Bayer Leverkusen,15.632444690912962,3.1920390371233225,2005,28,28,10.3,0.9099277145511186,0.07827442292042221
9948,Michael Olise,OLISE Michael,France,FW,21,7,FC Bayern München (GER),Bundesliga,Bayern Munich,11.545709690079091,17.044203309342265,2308,32,32,9.9,0.43679982439239984,0.4558829901763142
10408,Luis Díaz,DIAZ Luis,Colombia,FW,77,23,FC Bayern München (GER),Bundesliga,Bayern Munich,14.85997650027275,10.122723823413253,2464,32,32,11.0,0.43866084990023485,0.46660690021239243
956,Andrej Kramaric,KRAMARIC Andrej,Croatia,FW,118,36,TSG Hoffenheim (GER),Bundesliga,Hoffenheim,9.289361868053676,4.530489624477923,2256,34,34,9.3,0.40249636313611903,0.12535266528305194
13013,Haris Tabakovic,TABAKOVIC Haris,Bosnia And Herzegovina,FW,10,4,Borussia Mönchengladbach (GER),Bundesliga,Borussia M.Gladbach,12.823779825121164,1.8832440096884968,2424,32,32,7.9,0.4273485072799891,0.06635901770870524
82,Nadiem Amiri,AMIRI Nadiem,Germany,MF,13,1,1. FSV Mainz 05 (GER),Bundesliga,Mainz 05,4.642500706017017,6.560079865157604,2112,26,26,7.6,0.5065946516088332,0.47485099797401636
6496,Ermedin Demirovic,DEMIROVIC Ermedin,Bosnia And Herzegovina,FW,43,4,VfB Stuttgart (GER),Bundesliga,VfB Stuttgart,7.906617097556591,2.179655436426401,1507,25,25,8.9,0.6518976474278851,0.09960417680834463
13561,Yan Diomande,DIOMANDE Yan,Côte D'Ivoire,FW,14,3,RB Leipzig (GER),Bundesliga,RasenBallsport Leipzig,8.03020796738565,10.04887573234737,2507,33,33,8.5,0.22622819041834055,0.41162799898801655
12953,Igor Matanovic,MATANOVIC Igor,Croatia,FW,11,2,SC Freiburg (GER),Bundesliga,Freiburg,8.066526612266898,2.236247749999165,1536,31,31,8.2,0.40899172373289283,0.2502544072651586
8137,Maximilian Beier,BEIER Maximilian,Germany,FW,10,0,Borussia Dortmund (GER),Bundesliga,Borussia Dortmund,8.248568028211594,4.9559360314160585,2069,32,32,8.1,0.18607512526259062,0.3486291327265477
10048,Nicolas Jackson,JACKSON Nicolas,Senegal,FW,37,8,FC Bayern München (GER),Bundesliga,Bayern Munich,8.492001624777913,2.0896335784345865,991,23,23,10.2,0.7904949720310344,0.16614510890526893
11866,Álex Grimaldo,GRIMALDO Alex,Spain,DF,14,0,Bayer 04 Leverkusen (GER),Bundesliga,Bayer Leverkusen,4.488060817122459,10.24105754122138,2539,29,29,7.4,0.13783403523266313,0.49846853722225537
12954,Can Uzun,UZUN Can,Türkiye,FW,8,1,Eintracht Frankfurt (GER),Bundesliga,Eintracht Frankfurt,3.7870217841118574,2.6320750545710325,1178,21,21,7.6,0.44546710005221524,0.0837256881260426
13062,Mohammed Amoura,AMOURA Mohamed,Algeria,FW,48,19,VfL Wolfsburg (GER),Bundesliga,Wolfsburg,9.198723715730011,3.972602378576994,1949,30,30,9.0,0.36637383316011324,0.039493461513388756
9718,Jamie Leweling,LEWELING Jamie,Germany,MF,6,1,VfB Stuttgart (GER),Bundesliga,VfB Stuttgart,4.102848822250962,6.05470309779048,2385,32,32,7.0,0.08265791444681997,0.2690431973119608
171,Michael Gregoritsch,GREGORITSCH Michael,Austria,FW,77,24,FC Augsburg (GER),Bundesliga,Augsburg,5.457675086334348,1.5184729620814323,926,17,17,9.9,0.7051515918222991,0.23281583505924858
9860,Malik Tillman,TILLMAN Malik,USA,MF,33,3,Bayer 04 Leverkusen (GER),Bundesliga,Bayer Leverkusen,5.122428148984909,3.604807078838349,1681,29,29,8.0,0.3497111911392243,0.17445451434354112
12038,Fabian Rieder,RIEDER Fabian,Switzerland,MF,30,1,FC Augsburg (GER),Bundesliga,Augsburg,2.650910287164152,5.375069449655712,2387,32,32,7.1,0.06055560044266961,0.25089623406529427
13725,Luka Vuskovic,VUSKOVIC Luka,Croatia,DF,6,1,Hamburger SV (GER),Bundesliga,Hamburger SV,3.924353461712599,0.5671260496601462,2440,28,28,5.4,0.11669792049065264,0.03741490056094326
335,Leon Goretzka,GORETZKA Leon,Germany,MF,73,15,FC Bayern München (GER),Bundesliga,Bayern Munich,4.884574018418789,2.346890510059893,2004,31,31,8.1,0.40940200811113076,0.06612360813220108
3349,Ramy Bensebaini,BENSEBAINI Ramy,Algeria,DF,85,9,Borussia Dortmund (GER),Bundesliga,Borussia Dortmund,1.742172003723681,0.7206321377307177,1524,21,21,6.7,0.17369692071055423,0.10508516306927303
5251,Rani Khedira,KHEDIRA Rani,Tunisia,MF,6,0,1. FC Union Berlin (GER),Bundesliga,Union Berlin,2.2710952758789062,2.3157351221889257,2854,32,32,5.8,0.023330713876269057,0.0828282353552905
7485,Nico Schlotterbeck,SCHLOTTERBECK Nico,Germany,DF,29,1,Borussia Dortmund (GER),Bundesliga,Borussia Dortmund,3.80366291385144,1.0600993894040585,2520,28,28,5.9,0.09673013727773319,0.03205045915462752
8791,Ritsu Doan,DOAN Ritsu,Japan,MF,70,11,Eintracht Frankfurt (GER),Bundesliga,Eintracht Frankfurt,4.125860132277012,6.517447140067816,2425,31,31,8.4,0.12391719462279296,0.19346843247396073
13102,Johan Manzambi,MANZAMBI Johan,Switzerland,MF,15,6,SC Freiburg (GER),Bundesliga,Freiburg,4.023786528035998,3.578555628657341,2145,27,27,6.9,0.3060360224754902,0.23341128594384067
13427,Bazoumana Touré,TOURE Bazoumana,Côte D'Ivoire,FW,9,2,TSG Hoffenheim (GER),Bundesliga,Hoffenheim,5.141797917895019,7.229519298300147,2379,30,30,7.5,0.17482326761436334,0.31494579991747984
7376,Ozan Kabak,KABAK Ozan,Türkiye,DF,31,2,TSG Hoffenheim (GER),Bundesliga,Hoffenheim,4.639676934108138,0.4478818494826555,1731,25,25,6.4,0.1815029146319086,0.02950427711687303
9069,Romano Schmid,SCHMID Romano,Austria,MF,37,4,SV Werder Bremen (GER),Bundesliga,Werder Bremen,4.904664213769138,10.276878538541496,3004,34,34,8.0,0.11645599875912485,0.18139599274112797
9730,Patrick Wimmer,WIMMER Patrick,Austria,FW,32,1,VfL Wolfsburg (GER),Bundesliga,Wolfsburg,3.6373985055834055,2.249568970873952,1678,25,25,7.2,0.24814322473377395,0.280006598280675
9783,Jae-Sung Lee,LEE Jaesung,Korea Republic,MF,107,15,1. FSV Mainz 05 (GER),Bundesliga,Mainz 05,4.2225238950923085,3.3260836768895388,2229,28,28,8.0,0.34620894430897386,0.03541502036897075
11354,Yuito Suzuki,SUZUKI Yuito,Japan,MF,7,0,SC Freiburg (GER),Bundesliga,Freiburg,4.17771103978157,2.0996621567755938,1645,25,25,6.9,0.1679485820389541,0.11325160379841968
12941,Antonio Nusa,NUSA Antonio,Norway,FW,28,9,RB Leipzig (GER),Bundesliga,RasenBallsport Leipzig,5.204239755868912,4.748528776690364,2048,31,31,7.7,0.11051755166429353,0.13564209898309337
13020,Bilal El Khannouss,EL KHANNOUSS Bilal,Morocco,MF,41,3,VfB Stuttgart (GER),Bundesliga,VfB Stuttgart,3.092769087292254,5.275783350691199,1654,25,25,8.1,0.3146783975970667,0.32047487176115946
13122,Nathaniel Brown,BROWN Nathaniel,Germany,DF,8,1,Eintracht Frankfurt (GER),Bundesliga,Eintracht Frankfurt,2.06600034981966,3.1800129488110542,2668,33,33,5.5,0.028610597900013638,0.049889070833318304
13191,Assan Ouédraogo,OUEDRAOGO Assan,Germany,MF,1,1,RB Leipzig (GER),Bundesliga,RasenBallsport Leipzig,2.8071718588471413,3.0103504192084074,970,19,19,7.7,0.1626931813538074,0.11083113979697225
6109,Konrad Laimer,LAIMER Konrad,Austria,MF,60,7,FC Bayern München (GER),Bundesliga,Bayern Munich,2.826949080452323,4.989689355716109,1997,29,29,8.0,0.026838709785516144,0.26137208949006363
6974,Mattias Svanberg,SVANBERG Mattias,Sweden,MF,42,3,VfL Wolfsburg (GER),Bundesliga,Wolfsburg,3.0017038471996784,0.8542640991508961,814,24,24,8.0,0.4834822344794488,0.0011969862072461967
7783,Xaver Schlager,SCHLAGER Xaver,Austria,MF,54,4,RB Leipzig (GER),Bundesliga,RasenBallsport Leipzig,2.157680917531252,2.197766998782754,1844,26,26,7.1,0.0998877509173733,0.05953010225306585
8418,Jamal Musiala,MUSIALA Jamal,Germany,MF,46,10,FC Bayern München (GER),Bundesliga,Bayern Munich,4.245937447994947,2.740937683731317,666,15,15,10.4,0.6156160261080816,0.38708035706327515
9724,David Raum,RAUM David,Germany,DF,39,1,RB Leipzig (GER),Bundesliga,RasenBallsport Leipzig,1.644089713692665,11.038921784609556,2570,30,30,7.5,0.03095153528762513,0.464488908371174
10187,Jarell Quansah,QUANSAH Jarell,England,DF,4,0,Bayer 04 Leverkusen (GER),Bundesliga,Bayer Leverkusen,3.567939020693302,0.9014928825199604,2303,28,28,5.5,0.22753164153650282,0.01461492336226072
11484,Ibrahim Maza,MAZA Ibrahim,Algeria,MF,20,2,Bayer 04 Leverkusen (GER),Bundesliga,Bayer Leverkusen,6.0146804098039865,4.390553383156657,1845,28,28,7.9,0.44034368002244906,0.12607241852815862
11547,Aleksandar Pavlovic,PAVLOVIC Aleksandar,Germany,MF,15,1,FC Bayern München (GER),Bundesliga,Bayern Munich,1.549274168908596,1.9520273748785255,1451,24,24,6.4,0.054545587404123914,0.11029704942108393
12928,Alexander Prass,PRASS Alexander,Austria,MF,20,0,TSG Hoffenheim (GER),Bundesliga,Hoffenheim,1.6435396876186132,2.1666669230908155,1269,32,32,6.8,0.055961025860599214,0.04549334361712726
12934,Shuto Machino,MACHINO Shuto,Japan,FW,15,5,Borussia Mönchengladbach (GER),Bundesliga,Borussia M.Gladbach,3.816984537988901,1.0832749512046576,1046,32,32,7.4,0.17554051413581653,0.01630372688299792
13919,Jens Castrop,CASTROP Jens,Korea Republic,DF,8,0,Borussia Mönchengladbach (GER),Bundesliga,Borussia M.Gladbach,4.301225297152996,1.405629888176918,1613,26,26,6.3,0.33242205002193514,0.06072587527902822
106,Waldemar Anton,ANTON Waldemar,Germany,DF,15,0,Borussia Dortmund (GER),Bundesliga,Borussia Dortmund,1.8469386994838717,0.4476184593513608,2880,32,32,5.2,0.039919583296233956,0.01315859217535365
183,Jonathan Tah,TAH Jonathan,Germany,DF,51,1,FC Bayern München (GER),Bundesliga,Bayern Munich,0.6638064542785287,0.5882400423288345,2031,28,28,5.8,0.0,0.0
223,Joshua Kimmich,KIMMICH Joshua,Germany,DF,114,10,FC Bayern München (GER),Bundesliga,Bayern Munich,2.3646036218851805,7.569489678367972,2268,29,29,8.0,0.05113484548017931,0.2733286135308598
1139,Silvan Widmer,WIDMER Silvan,Switzerland,DF,62,5,1. FSV Mainz 05 (GER),Bundesliga,Mainz 05,2.7386183850467205,1.8089449182152748,1855,27,27,6.8,0.03577017434926708,0.18347696827944987
9202,Felix Nmecha,NMECHA Felix,Germany,MF,12,2,Borussia Dortmund (GER),Bundesliga,Borussia Dortmund,2.6062937285751104,1.8235643226653335,2208,29,29,6.1,0.16144341655355568,0.03163867077584992
9356,Carney Chukwuemeka,CHUKWUEMEKA Carney,Austria,MF,5,1,Borussia Dortmund (GER),Bundesliga,Borussia Dortmund,2.446924611926079,0.6348967775702477,869,28,28,6.7,0.042994660103047685,0.019453512422796592
9458,Josip Stanisic,STANISIC Josip,Croatia,DF,34,0,FC Bayern München (GER),Bundesliga,Bayern Munich,1.4695102348923683,3.6430143248289824,1842,26,26,6.4,0.07129328104285455,0.21414885769779085
9674,Joe Scally,SCALLY Joe,USA,DF,28,0,Borussia Mönchengladbach (GER),Bundesliga,Borussia M.Gladbach,2.700111205689609,1.6180403884500263,2615,32,32,5.8,0.025237079470165416,0.04798342281130676
9725,Angelo Stiller,STILLER Angelo,Germany,MF,9,0,VfB Stuttgart (GER),Bundesliga,VfB Stuttgart,2.864251904189586,6.064722905866802,2752,34,34,6.6,0.14636477501888942,0.14613042862744882
9986,Kristijan Jakic,JAKIC Kristijan,Croatia,DF,17,2,FC Augsburg (GER),Bundesliga,Augsburg,1.4403803190216422,1.360763007774949,1655,26,26,5.6,0.2515688896479558,0.04063087458172676
10792,Farès Chaïbi,CHAIBI Fares,Algeria,MF,34,3,Eintracht Frankfurt (GER),Bundesliga,Eintracht Frankfurt,3.5245760353282094,5.035042706876993,1822,28,28,7.8,0.29697070056663355,0.2633253685153317
12975,Eric Smith,SMITH Eric,Sweden,DF,2,0,FC St. Pauli (GER),Bundesliga,St. Pauli,0.814800588414073,0.8954977933317423,2313,27,27,4.9,0.025393499416560012,0.06951526349637314
13424,Daniel Svensson,SVENSSON Daniel,Sweden,DF,16,0,Borussia Dortmund (GER),Bundesliga,Borussia Dortmund,2.9300006814301014,4.297698555514216,2454,33,33,6.1,0.20937168159435884,0.30002512451428753
14331,Ayoube Amaimouni-Echghouyab,AMAIMOUNI Ayoube,Morocco,FW,4,0,Eintracht Frankfurt (GER),Bundesliga,Eintracht Frankfurt,0.5620515374466777,0.641688815318048,551,17,17,6.1,0.07897261126664817,0.15947035815169286
2611,Philipp Lienhart,LIENHART Philipp,Austria,DF,43,3,SC Freiburg (GER),Bundesliga,Freiburg,0.9484050497412682,0.1434269901365041,1296,20,20,5.7,0.028550761445987116,0.005265036339242987
5243,Dayotchanculle Upamecano,UPAMECANO Dayot,France,DF,42,2,FC Bayern München (GER),Bundesliga,Bayern Munich,0.8303499147295952,1.4384191930294037,1805,24,24,5.9,0.006303738767382057,0.08820045906810584
5248,Marcel Sabitzer,SABITZER Marcel,Austria,MF,101,27,Borussia Dortmund (GER),Bundesliga,Borussia Dortmund,1.149563044309616,2.240061067044735,1835,26,26,7.3,0.02553126482524284,0.07377178292567324
5340,Marco Friedl,FRIEDL Marco,Austria,DF,12,0,SV Werder Bremen (GER),Bundesliga,Werder Bremen,0.729124104604125,0.2931987326592207,2552,30,30,4.9,0.0,0.0
7345,Alphonso Davies,DAVIES Alphonso,Canada,DF,59,15,FC Bayern München (GER),Bundesliga,Bayern Munich,0.4413026720285415,1.301999389193952,521,13,13,7.2,0.13154313786000732,0.33130814154761096
8191,Giovanni Reyna,REYNA Giovanni,USA,MF,41,10,Borussia Mönchengladbach (GER),Bundesliga,Borussia M.Gladbach,0.667095934972167,1.5534863928332925,485,19,19,7.9,0.30994250470876045,0.4329861174931138
8965,Vladimir Coufal,COUFAL Vladimir,Czechia,DF,65,2,TSG Hoffenheim (GER),Bundesliga,Hoffenheim,0.9888284020125866,7.478693185374141,3032,34,34,7.1,0.03105909242269742,0.28128504813074134
9715,Hiroki Ito,ITO Hiroki,Japan,DF,29,1,FC Bayern München (GER),Bundesliga,Bayern Munich,1.4966442808508873,1.0980801191180944,918,16,16,6.4,0.0315707669902903,0.08051231704702612
9999,Arthur Theate,THEATE Arthur,Belgium,DF,35,1,Eintracht Frankfurt (GER),Bundesliga,Eintracht Frankfurt,1.423735129646957,0.5266659539192915,2147,24,24,5.6,0.05684796495987309,0.023197980065157872
12918,Kaishu Sano,SANO Kaishu,Japan,MF,17,1,1. FSV Mainz 05 (GER),Bundesliga,Mainz 05,1.6013844851404428,3.6190584171563382,3060,34,34,6.1,0.0973485880277373,0.12158121168613431
13012,Robin Hranác,HRANAC Robin,Czechia,DF,17,1,TSG Hoffenheim (GER),Bundesliga,Hoffenheim,2.0698564872145653,0.1279042270034551,2261,29,29,5.3,0.12643257376479267,0.015207686686212791
14371,Kento Shiogai,SHIOGAI Kento,Japan,FW,3,0,VfL Wolfsburg (GER),Bundesliga,Wolfsburg,1.8814079575240608,0.5708257630467415,292,12,12,8.8,0.6300381415013998,0.5599936882279954
73,Oliver Baumann,BAUMANN Oliver,Germany,GK,13,0,TSG Hoffenheim (GER),Bundesliga,Hoffenheim,0.0,0.033280711621046,3060,34,34,4.8,0.0,0.003025519238276909
212,Nico Elvedi,ELVEDI Nico,Switzerland,DF,70,3,Borussia Mönchengladbach (GER),Bundesliga,Borussia M.Gladbach,0.3812519991770386,1.362134398892522,2968,33,33,6.2,0.011807806310650785,0.15113665053205005
217,Manuel Neuer,NEUER Manuel,Germany,GK,128,0,FC Bayern München (GER),Bundesliga,Bayern Munich,0.0,0.0,1870,22,22,6.0,0.0,0.0
2639,Alexander Nübel,NUEBEL Alexander,Germany,GK,3,0,VfB Stuttgart (GER),Bundesliga,VfB Stuttgart,0.0,0.3682400248944759,3060,34,34,4.6,0.0,0.015357677232135419
3347,Ellyes Skhiri,SKHIRI Ellyes,Tunisia,MF,86,4,Eintracht Frankfurt (GER),Bundesliga,Eintracht Frankfurt,0.7644057050347328,0.3066457267850637,1439,25,25,6.8,0.04396422840513201,0.016603018918531443
5288,Gregor Kobel,KOBEL Gregor,Switzerland,GK,24,0,Borussia Dortmund (GER),Bundesliga,Borussia Dortmund,0.0,0.0,3060,34,34,5.0,0.0,0.0
5294,Salih Özcan,OZCAN Salih,Türkiye,MF,32,1,Borussia Dortmund (GER),Bundesliga,Borussia Dortmund,0.1352226883172989,0.1514878366142511,55,11,11,8.0,0.14110193563544232,0.34856052696704853
5329,Stefan Posch,POSCH Stefan,Austria,DF,55,5,1. FSV Mainz 05 (GER),Bundesliga,Mainz 05,0.4011011412367224,0.4894324410706758,1399,16,16,5.9,0.034027511902186273,0.040386402975390374
7047,Mark Flekken,FLEKKEN Mark,Netherlands,GK,12,0,Bayer 04 Leverkusen (GER),Bundesliga,Bayer Leverkusen,0.0,0.0720671415328979,2132,24,24,4.8,0.0,0.0
7997,Julian Ryerson,RYERSON Julian,Norway,FW,45,1,Borussia Dortmund (GER),Bundesliga,Borussia Dortmund,1.086410315707326,10.857275873422624,2288,31,31,8.2,0.08651810179256587,0.4748031597647389
8117,Nick Woltemade,WOLTEMADE Nick,Germany,FW,12,4,Newcastle United FC (ENG),Bundesliga,VfB Stuttgart,0.0,0.3476715981960296,90,1,1,7.0,0.15315945616896393,0.3689457081446751
8325,Exequiel Palacios,PALACIOS Exequiel,Argentina,MF,41,0,Bayer 04 Leverkusen (GER),Bundesliga,Bayer Leverkusen,0.439077272079885,1.3159740213304758,1079,18,18,6.6,0.037530903309327554,0.1904074415628559
9182,Sepe Elye Wahi,WAHI Elye,Côte D'Ivoire,FW,5,0,OGC Nice (FRA),Bundesliga,Eintracht Frankfurt,1.0327077973634005,0.5964227598160505,309,10,10,7.5,0.23439780804802274,0.06458605293435493
9766,Ismaël Gharbi,GHARBI Ismael,Tunisia,MF,20,2,FC Augsburg (GER),Bundesliga,Augsburg,0.2259623706340789,0.0321240313351154,71,6,6,7.0,0.2749570747942066,0.037899138091990074
10774,Adam Hlozek,HLOZEK Adam,Czechia,FW,46,5,TSG Hoffenheim (GER),Bundesliga,Hoffenheim,1.1858347058296204,0.0,30,5,5,10.4,3.887623830717437,0.0
11871,Nicolas Seiwald,SEIWALD Nicolas,Austria,MF,50,1,RB Leipzig (GER),Bundesliga,RasenBallsport Leipzig,1.818481955677271,1.8090799655765293,2730,33,33,6.6,0.07383342630804228,0.09062321430541447
12761,Yukinari Sugawara,SUGAWARA Yukinari,Japan,DF,26,2,SV Werder Bremen (GER),Bundesliga,Werder Bremen,1.6741932658478618,2.4432157278060918,2444,31,31,5.8,0.02444205907924307,0.2118642546380889
12955,Aurèle Amenda,AMENDA Aurele,Switzerland,DF,7,0,Eintracht Frankfurt (GER),Bundesliga,Eintracht Frankfurt,1.009096633642912,0.3360993862152099,1664,24,24,5.0,0.012385827445932867,0.018301400968527146
12973,Nikola Vasilj,VASILJ Nikola,Bosnia And Herzegovina,GK,29,0,FC St. Pauli (GER),Bundesliga,St. Pauli,0.0,0.0,3060,34,34,5.1,0.0,0.0
12978,Jackson Irvine,IRVINE Jackson,Australia,MF,85,14,FC St. Pauli (GER),Bundesliga,St. Pauli,1.6277177091687918,0.908556679263711,1617,24,24,7.2,0.15164346055814337,0.055989605056871075
12979,Connor Metcalfe,METCALFE Connor,Australia,MF,39,2,FC St. Pauli (GER),Bundesliga,St. Pauli,0.7382826870307326,1.1607451755553484,536,25,25,7.4,0.046139169551470426,0.25320438474039725
12980,Elias Saad,SAAD Elias,Tunisia,FW,17,3,Hannover 96 (GER),Bundesliga,Augsburg,0.3716530837118625,0.6210179030895233,518,10,10,6.2,0.06465054748198748,0.1582308616604659
13425,Luca Jaquez,JAQUEZ Luca,Switzerland,DF,5,0,VfB Stuttgart (GER),Bundesliga,VfB Stuttgart,0.1529901893809437,0.4413405451923609,893,14,14,4.9,0.012066316098069654,0.011345569794153545
13922,Miro Muheim,MUHEIM Miro,Switzerland,DF,11,0,Hamburger SV (GER),Bundesliga,Hamburger SV,1.3705227468162775,3.492499830201268,2443,29,29,5.6,0.03255483828217325,0.07097662248074293
14338,Jeremy Arévalo,AREVALO Jeremy,Ecuador,FW,4,0,VfB Stuttgart (GER),Bundesliga,VfB Stuttgart,0.1582863703370094,0.0620802752673625,21,7,7,9.6,0.7026515584292368,0.26396337515256496
14368,Sander Tangvik,TANGVIK Sander,Norway,GK,0,0,Hamburger SV (GER),Bundesliga,Hamburger SV,0.0,0.0,90,1,1,4.5,0.0,0.0
14419,Jonas Adjetey,ADJETEY Jonas,Ghana,DF,13,0,VfL Wolfsburg (GER),Bundesliga,Wolfsburg,0.0873863417655229,0.0,134,4,4,5.1,0.055280027007835277,0.0
14569,Bara Sapoko Ndiaye,NDIAYE Bara Sapoko,Senegal,MF,1,0,FC Bayern München (GER),Bundesliga,Bayern Munich,0.0,0.0,146,4,4,5.0,0.0,0.0
9749,Donyell Malen,MALEN Donyell,Netherlands,FW,56,13,AS Roma (ITA),Serie_A,Roma,12.159512802958488,1.5484345965087414,1499,18,18,10.2,0.7736915180426158,0.17804617854910748
11541,Nico Paz,PAZ Nico,Argentina,FW,11,1,Como (ITA),Serie_A,Como,7.379476809874177,7.032759159803391,2905,35,35,7.5,0.17288336738848256,0.2845841831509276
5560,Scott McTominay,McTOMINAY Scott,Scotland,MF,73,15,SSC Napoli (ITA),Serie_A,Napoli,11.66845427826047,2.005369659513235,2798,33,33,8.7,0.561531952820545,0.048156114935765486
11942,Kenan Yildiz,YILDIZ Kenan,Türkiye,FW,31,5,Juventus FC (ITA),Serie_A,Juventus,7.104590082541108,10.82039262354374,2877,36,36,8.4,0.12477209234390622,0.3009046202207338
189,Hakan Calhanoglu,CALHANOGLU Hakan,Türkiye,MF,108,22,FC Internazionale Milano (ITA),Serie_A,Inter,1.341200515627861,3.476379970088601,1674,22,22,7.8,0.058197462344691184,0.15723160575261788
7193,Rafael Leão,RAFAEL LEAO,Portugal,FW,47,6,AC Milan (ITA),Serie_A,AC Milan,8.079263962805271,4.9774565836414695,1874,29,29,9.1,0.3259685045283279,0.3338101117260142
2662,Christian Pulisic,PULISIC Christian,USA,FW,88,33,AC Milan (ITA),Serie_A,AC Milan,8.78337250649929,5.038487618789077,1612,30,30,10.4,0.2805110855165875,0.2646333573552191
6276,Nikola Vlasic,VLASIC Nikola,Croatia,MF,65,11,Torino FC (ITA),Serie_A,Torino,3.601626990363002,4.68042840436101,3079,37,37,7.5,0.07450894606485578,0.1626781407770383
3291,Adrien Rabiot,RABIOT Adrien,France,MF,62,7,AC Milan (ITA),Serie_A,AC Milan,4.362811662256718,3.9378524888306856,2546,29,29,7.7,0.2075552379543131,0.057140185345302914
7700,Che Adams,ADAMS Che,Scotland,FW,50,13,Torino FC (ITA),Serie_A,Torino,6.609602872282267,3.2093243608251214,1899,33,33,8.3,0.38394242007472845,0.06682521029817716
8636,Jonathan Christian David,DAVID Jonathan,Canada,FW,81,42,Juventus FC (ITA),Serie_A,Juventus,10.703019579872487,4.232262331992388,1784,35,35,10.3,0.2006327228365634,0.12202258572262745
13069,Ismaël Koné,KONE Ismael,Canada,MF,42,4,US Sassuolo (ITA),Serie_A,Sassuolo,5.083259547129273,1.759748755954206,2795,35,35,6.9,0.2195187463351292,0.02814885689398054
13934,Martin Baturina,BATURINA Martin,Croatia,MF,22,2,Como (ITA),Serie_A,Como,1.901092293672264,6.69613741338253,1579,29,29,7.9,0.11346513622922694,0.38085474485974846
447,Kevin De Bruyne,DE BRUYNE Kevin,Belgium,MF,122,38,SSC Napoli (ITA),Serie_A,Napoli,1.2324169697239995,4.023396631702781,1176,18,18,8.5,0.070833513953353,0.48485482226393817
5360,Weston McKennie,McKENNIE Weston,USA,MF,69,12,Juventus FC (ITA),Serie_A,Juventus,8.643968606367707,5.391984527930617,2857,36,36,8.6,0.16771760667094576,0.17696017628574193
10237,Leo Østigard,OSTIGARD Leo,Norway,DF,41,2,Genoa CFC (ITA),Serie_A,Genoa,2.920729400590062,0.8717853697016835,2631,30,30,6.0,0.034997087327594094,0.014073412171141652
11380,Vitinha,VITINHA,Portugal,MF,41,0,Paris Saint-Germain (FRA),Serie_A,Genoa,6.909197731874883,2.17753553763032,2262,35,35,7.6,0.28595506357615047,0.04985910301312072
12784,Ange-Yoan Bonny,BONNY Ange-Yoan,Côte D'Ivoire,FW,5,0,FC Internazionale Milano (ITA),Serie_A,Inter,4.581577172502875,2.670865649357438,1112,33,33,8.0,0.21647314490996994,0.20074494251417455
6960,Bremer,BREMER,Brazil,DF,8,1,Juventus FC (ITA),Serie_A,Juventus,2.7122608339414,0.4107095804065466,2187,26,26,5.3,0.1331105042587627,0.0008357611569491291
10994,Kristian Thorstvedt,THORSTVEDT Kristian,Norway,MF,39,4,US Sassuolo (ITA),Serie_A,Sassuolo,6.644855927675962,2.6294608265161514,2450,32,32,7.5,0.3183400774543936,0.08946102214130487
1134,Mario Pasalic,PASALIC Mario,Croatia,MF,88,12,Atalanta Bergamo (ITA),Serie_A,Atalanta,3.4538544081151485,6.249310817569494,1922,33,33,8.8,0.28958384125784015,0.25560023214875627
7049,Evan Ndicka,NDICKA Evan,Côte D'Ivoire,DF,29,0,AS Roma (ITA),Serie_A,Roma,2.3948372658342123,0.5625489521771669,2686,31,31,5.6,0.04290653898247648,0.003998668218145561
7939,Morten Thorsby,THORSBY Morten,Norway,MF,32,0,US Cremonese (ITA),Serie_A,"Cremonese,Genoa",2.7189628621563315,0.7962901080027223,1390,24,24,6.8,0.042285381098199314,0.005135119455047398
8297,Alexis Saelemaekers,SAELEMAEKERS Alexis,Belgium,MF,26,3,AC Milan (ITA),Serie_A,AC Milan,3.5981931975111365,4.787930195219815,2819,35,35,6.9,0.1627918197892797,0.15679135902697205
10877,Charles De Ketelaere,DE KETELAERE Charles,Belgium,FW,32,6,Atalanta Bergamo (ITA),Serie_A,Atalanta,4.545966546982527,10.65264681726694,2206,31,31,8.7,0.10407294673496727,0.2349138171155994
13052,Francisco Conceição,FRANCISCO CONCEICAO,Portugal,FW,19,4,Juventus FC (ITA),Serie_A,Juventus,8.487750921398401,4.1634056605398655,2124,31,31,8.1,0.44246710172493336,0.31289880598729375
2250,Luka Modric,MODRIC Luka,Croatia,MF,201,29,AC Milan (ITA),Serie_A,AC Milan,1.2469155695289371,4.025909835472703,2827,34,34,7.3,0.0326270483886382,0.05593450118795965
6521,Yerry Mina,MINA Yerry,Colombia,DF,54,8,Cagliari (ITA),Serie_A,Cagliari,1.761018111370504,0.4277909696102142,2162,26,26,6.0,0.17428320417013832,0.01628117098632951
7482,Kouadio Kone,KONE Manu,France,MF,16,0,AS Roma (ITA),Serie_A,Roma,1.937675543129444,3.4994950499385595,2468,29,29,6.3,0.041512147896579366,0.2548753590049804
9630,Kamaldeen Sulemana,SULEMANA Kamaldeen,Ghana,FW,30,1,Atalanta Bergamo (ITA),Serie_A,Atalanta,2.4879335798323154,2.279735462740064,993,25,25,7.8,0.29221005091127356,0.21415738944175106
10084,Cristian Volpato,VOLPATO Cristian,Australia,FW,3,0,US Sassuolo (ITA),Serie_A,Sassuolo,1.749022038653493,2.896068687550724,1060,24,24,7.0,0.28651621448492165,0.169239027161742
10404,Éderson,EDERSON,Brazil,GK,32,0,Fenerbahçe SK (TUR),Serie_A,Atalanta,4.785053477622569,2.210425505414605,2253,30,30,6.5,0.1757245434487449,0.11716666233666853
12081,Assane Diao,DIAO Assane,Senegal,FW,6,0,Como (ITA),Serie_A,Como,3.17557692155242,1.6823896700516343,1098,17,17,7.1,0.3360420474651414,0.17378364054487797
13879,Tarik Muharemovic,MUHAREMOVIC Tarik,Bosnia And Herzegovina,DF,16,1,US Sassuolo (ITA),Serie_A,Sassuolo,2.834148694295436,0.9276836458593608,2837,32,32,5.4,0.08986583494327284,0.008717284961180247
13964,Petar Sucic,SUCIC Petar,Croatia,MF,20,2,FC Internazionale Milano (ITA),Serie_A,Inter,2.181936677545309,4.040994327515364,1763,34,34,7.0,0.044851410782562086,0.2630688934473978
594,Romelu Lukaku,LUKAKU Romelu,Belgium,FW,129,91,SSC Napoli (ITA),Serie_A,Napoli,0.5893245413899422,0.2113724052906036,33,5,5,11.0,1.6383173618027393,0.6294545892845181
1488,Remo Freuler,FREULER Remo,Switzerland,MF,91,11,Bologna FC (ITA),Serie_A,Bologna,1.6811274103820324,1.3417738927528262,2236,29,29,7.1,0.17773946325070653,0.11986524318743912
1710,Marten de Roon,DE ROON Marten,Netherlands,MF,44,1,Atalanta Bergamo (ITA),Serie_A,Atalanta,0.824793690815568,1.586717877537012,2720,34,34,6.3,0.012950810166646025,0.04433559863750368
2217,Antonio Sanabria,SANABRIA Antonio,Paraguay,FW,50,7,US Cremonese (ITA),Serie_A,Cremonese,2.979946978390217,1.9838042967021463,921,25,25,8.4,0.09382651501516685,0.004155831792949393
5329,Stefan Posch,POSCH Stefan,Austria,DF,55,5,1. FSV Mainz 05 (GER),Serie_A,Como,0.8626185804605484,0.1884448826313018,362,14,14,6.9,0.034027511902186273,0.040386402975390374
6872,Mehmet Zeki Çelik,CELIK Zeki,Türkiye,DF,63,3,AS Roma (ITA),Serie_A,Roma,1.7680562287569046,2.412685915827751,2747,34,34,6.4,0.05485253063800647,0.04729858166804798
8626,Nikola Moro,MORO Nikola,Croatia,MF,10,0,Bologna FC (ITA),Serie_A,Bologna,0.9313860163092612,2.0523393927142024,1784,30,30,6.0,0.05057548075658382,0.18455170679136462
9714,Odilon Kossounou,KOSSOUNOU Odilon,Côte D'Ivoire,DF,40,0,Atalanta Bergamo (ITA),Serie_A,Atalanta,0.2642052415758371,0.2571885026991367,981,19,19,5.5,0.029251617949742518,0.056024546508605624
9964,Koni de Winter,DE WINTER Koni,Belgium,DF,8,0,AC Milan (ITA),Serie_A,AC Milan,0.7965529607608914,0.6498572872951627,1797,26,26,5.0,0.016609976723786373,0.03179718565113308
9985,Johan Vásquez,VASQUEZ Johan,Mexico,DF,49,3,Genoa CFC (ITA),Serie_A,Genoa,1.88552456907928,0.4650002354755997,3219,36,36,5.8,0.12268557852137886,0.002673994171722178
10383,Michel Aebischer,AEBISCHER Michel,Switzerland,MF,43,2,Pisa SC (ITA),Serie_A,Pisa,0.8299102364107966,3.4363013366237283,2911,35,35,6.5,0.028436820467483272,0.18434682963874663
11038,Jhon Lucumí,LUCUMI Jhon,Colombia,DF,40,1,Bologna FC (ITA),Serie_A,Bologna,1.3786265589296818,0.7872928977012634,2282,29,29,5.7,0.02596465347682657,0.06779950606758592
11039,Lewis Ferguson,FERGUSON Lewis,Scotland,MF,27,1,Bologna FC (ITA),Serie_A,Bologna,0.6512357760220766,1.5657932441681623,1576,27,27,6.2,0.017088271160625498,0.0340487464068424
11053,Isak Hien,HIEN Isak,Sweden,DF,32,0,Atalanta Bergamo (ITA),Serie_A,Atalanta,1.0833443198353052,0.1072509177029132,1951,28,28,5.4,0.02137887606577333,0.010839461241206726
12012,Marcus Pedersen,HOLMGREN PEDERSEN Marcus,Norway,DF,35,1,Torino FC (ITA),Serie_A,Torino,1.6248117666691542,2.887870935723185,2148,29,29,6.1,0.10619966660905394,0.184600024552129
12104,Neil El Aynaoui,EL AYNAOUI Neil,Morocco,MF,20,2,AS Roma (ITA),Serie_A,Roma,0.9577326010912656,1.7740114629268646,958,25,25,6.7,0.1716960557634092,0.2445100483233994
12783,Alessandro Circati,CIRCATI Alessandro,Australia,DF,16,1,Parma (ITA),Serie_A,Parma Calcio 1913,0.736436253413558,0.2460185680538416,2667,31,31,5.0,0.018061533593144136,0.0036325707083190734
12853,Jesper Karlström,KARLSTROM Jesper,Sweden,MF,26,0,Udinese (ITA),Serie_A,Udinese,0.94436174351722,0.8986503640189767,3164,36,36,5.8,0.03669573257093613,0.012865559528301465
342,Sead Kolasinac,KOLASINAC Sead,Bosnia And Herzegovina,DF,68,0,Atalanta Bergamo (ITA),Serie_A,Atalanta,0.122791800647974,0.0,1233,19,19,5.9,0.0009842461244544615,0.0
1253,Edin Dzeko,DZEKO Edin,Bosnia And Herzegovina,FW,150,73,FC Schalke 04 (GER),Serie_A,Fiorentina,0.2566082924604416,0.1747721321880817,220,11,11,7.4,0.07721271834688609,0.07698873010766058
3737,Mike Maignan,MAIGNAN Mike,France,GK,44,0,AC Milan (ITA),Serie_A,AC Milan,0.0,0.0,3296,37,37,5.4,0.0,0.0
6368,Mathías Olivera,OLIVERA Mathias,Uruguay,DF,38,2,SSC Napoli (ITA),Serie_A,Napoli,1.7913433331996202,0.5973206851631403,1370,25,25,6.0,0.044256586727236334,0.05282190839045792
8303,Marin Pongracic,PONGRACIC Marin,Croatia,DF,22,0,ACF Fiorentina (ITA),Serie_A,Fiorentina,0.592979246750474,0.688893262296915,2923,35,35,5.1,0.0,0.016145218833478477
9969,Teun Koopmeiners,KOOPMEINERS Teun,Netherlands,MF,32,3,Juventus FC (ITA),Serie_A,Juventus,1.7949654590338469,0.7337323613464832,1803,33,33,6.3,0.09556214375471746,0.04651115212024124
12781,Zion Suzuki,SUZUKI Zion,Japan,GK,29,0,Parma (ITA),Serie_A,Parma Calcio 1913,0.0,0.0257010422646999,1800,20,20,5.1,0.0,0.002803750065239989
13453,Santiago Giménez,GIMENEZ Santiago,Mexico,FW,50,6,AC Milan (ITA),Serie_A,AC Milan,3.7894718274474144,0.5480921231210232,905,16,16,8.2,0.17107961117571832,0.13918001655732745
13894,Torbjørn Heggem,HEGGEM Torbjorn,Norway,DF,18,0,Bologna FC (ITA),Serie_A,Bologna,1.0151279531419275,0.050894595682621,2109,27,27,5.1,0.02203340271519401,0.0
13895,Ardon Jashari,JASHARI Ardon,Switzerland,MF,9,0,AC Milan (ITA),Serie_A,AC Milan,0.2434516996145248,1.1303722113370895,703,14,14,6.1,0.025946191920942364,0.09107563163193946
9690,Folarin Balogun,BALOGUN Folarin,USA,FW,29,11,AS Monaco (FRA),Ligue_1,Monaco,11.813542751595378,4.190360508859158,2281,30,30,8.7,0.31791419299768664,0.10241036880152979
10016,Bradley Barcola,BARCOLA Bradley,France,FW,24,5,Paris Saint-Germain (FRA),Ligue_1,Paris Saint Germain,11.655976854264736,4.783318970352411,1778,29,29,9.6,0.3897380865611959,0.16862423909846755
3226,Ousmane Dembélé,DEMBELE Ousmane,France,FW,63,11,Paris Saint-Germain (FRA),Ligue_1,Paris Saint Germain,4.324616186320782,5.207486420869827,1050,22,22,10.3,0.4520738873323169,0.40191845019954603
9345,Ahmadou Bamba Dieng,DIENG Bamba,Senegal,FW,24,2,FC Lorient (FRA),Ligue_1,Lorient,7.954189226031303,1.150337222032249,1239,22,22,8.8,0.46597977159202997,0.008254130745374977
13735,Pavel Sulc,SULC Pavel,Czechia,FW,24,5,Olympique Lyonnais (FRA),Ligue_1,Lyon,8.200931411236525,3.44930923357606,1562,27,27,8.8,0.3515060058524532,0.2300264059055236
6401,Amine Gouiri,GOUIRI Amine,Algeria,FW,26,11,Olympique Marseille (FRA),Ligue_1,Marseille,7.237069595605135,3.988559890538454,1318,22,22,9.4,0.2850210128675506,0.451680278835953
13051,Matias Fernandez-Pardo,FERNANDEZ-PARDO Matias,Belgium,FW,5,0,Lille OSC (FRA),Ligue_1,Lille,9.591645512729883,4.855040938593447,2408,29,29,7.8,0.3089679576132345,0.12594933283370216
10431,Désiré Doué,DOUE Desire,France,FW,11,3,Paris Saint-Germain (FRA),Ligue_1,Paris Saint Germain,7.427912965416908,3.8526204489171514,1372,23,23,8.9,0.319764035038451,0.21485458369375757
10058,Maghnes Akliouche,AKLIOUCHE Maghnes,France,MF,10,1,AS Monaco (FRA),Ligue_1,Monaco,6.614660864695907,5.355240166187286,2430,31,31,7.4,0.16927027922012422,0.20371739373973974
11767,Gonçalo Ramos,GONCALO RAMOS,Portugal,FW,26,10,Paris Saint-Germain (FRA),Ligue_1,Paris Saint Germain,7.846524586901069,1.5339764999225736,1293,30,30,8.8,0.4159034221928064,0.11793629918284311
9182,Sepe Elye Wahi,WAHI Elye,Côte D'Ivoire,FW,5,0,OGC Nice (FRA),Ligue_1,Nice,3.474591109901666,0.7982091940939426,937,14,14,7.2,0.23439780804802274,0.06458605293435493
12734,João Neves,JOAO NEVES,Portugal,MF,25,4,Paris Saint-Germain (FRA),Ligue_1,Paris Saint Germain,3.160619251430034,2.475291315466165,1280,21,21,7.5,0.20358059676439774,0.24979506187686104
12884,Endrick,ENDRICK,Brazil,FW,20,4,Olympique Lyonnais (FRA),Ligue_1,Lyon,5.7152452897280455,4.547948397696018,1248,16,16,9.1,0.4141803832232582,0.30868360117869315
9961,Nuno Mendes,NUNO MENDES,Portugal,DF,47,2,Paris Saint-Germain (FRA),Ligue_1,Paris Saint Germain,3.0500474497675896,5.055273981764913,1251,20,20,8.4,0.2148817209988659,0.5376496071059494
11978,Diego Moreira,MOREIRA Diego,Belgium,MF,3,0,RC Strasbourg (FRA),Ligue_1,Strasbourg,2.222741227596998,6.940216278657317,2063,27,27,7.1,0.1540789952000173,0.19987125236254472
10786,Warren Zaïre-Emery,ZAIRE-EMERY Warren,France,MF,11,1,Paris Saint-Germain (FRA),Ligue_1,Paris Saint Germain,2.0695376126095653,4.277606188319624,2460,32,32,6.4,0.09156230216797756,0.13570375919232064
11058,Julio Enciso,ENCISO Julio,Paraguay,FW,36,5,RC Strasbourg (FRA),Ligue_1,Strasbourg,6.915138140320778,4.41795701906085,1918,27,27,8.4,0.3500427368100477,0.48222065439815537
11710,Simon Adingra,ADINGRA Simon,Côte D'Ivoire,FW,30,5,AS Monaco (FRA),Ligue_1,Monaco,2.902374248951673,1.4592509008944037,871,14,14,7.9,0.23177254636250635,0.21888833321908452
11799,Lamine Camara,CAMARA Lamine,Senegal,MF,48,7,AS Monaco (FRA),Ligue_1,Monaco,1.3439804669469595,5.089582786895335,1870,24,24,7.5,0.0926747419975798,0.23481895909080858
12733,Ibrahim Mbaye,MBAYE Ibrahim,Senegal,FW,14,4,Paris Saint-Germain (FRA),Ligue_1,Paris Saint Germain,3.4287336245179176,2.3628985602408648,973,24,24,8.0,0.7077127253380475,0.13590342670283806
13070,Ali Abdi,ABDI Ali,Tunisia,DF,49,7,OGC Nice (FRA),Ligue_1,Nice,2.4035323709249496,2.0493611991405487,1156,22,22,7.2,0.48581488933837375,0.2796885166903708
14131,Amine Sbaï,SBAI Amine,Morocco,FW,2,0,Angers SCO (FRA),Ligue_1,Angers,3.5869993288069963,2.760798776522279,1865,25,25,6.6,0.19211620870829843,0.21212128825516283
914,Nabil Bentaleb,BENTALEB Nabil,Algeria,MF,63,6,Lille OSC (FRA),Ligue_1,Lille,0.4445659844204783,1.771717581897974,1253,26,26,7.1,0.01647607759632997,0.18227705257803747
5197,Achraf Hakimi,HAKIMI Achraf,Morocco,DF,100,12,Paris Saint-Germain (FRA),Ligue_1,Paris Saint Germain,2.801814373582601,1.457746408879757,1382,18,18,7.4,0.18687090909847565,0.1270445727677665
5680,Thomas Meunier,MEUNIER Thomas,Belgium,DF,82,10,Lille OSC (FRA),Ligue_1,Lille,1.4096983447670937,2.757778810337186,1911,25,25,7.0,0.07805064914694168,0.1281661666522455
6147,Denis Zakaria,ZAKARIA Denis,Switzerland,MF,66,3,AS Monaco (FRA),Ligue_1,Monaco,2.5516049545258284,1.4270154759287834,2039,24,24,7.2,0.12475443150509485,0.007623428377238183
6601,Timothy Weah,WEAH Timothy,USA,FW,53,7,Olympique Marseille (FRA),Ligue_1,Marseille,2.7870269222185016,3.784172408282757,2286,29,29,7.4,0.057868785224854925,0.20537559172194025
10868,Guela Doué,DOUE Guela,Côte D'Ivoire,DF,24,3,RC Strasbourg (FRA),Ligue_1,Strasbourg,1.8365227379836144,2.7406088560819626,2065,24,24,6.0,0.03615935697135598,0.12097167697819797
12498,Valentín Barco,BARCO Valentin,Argentina,MF,5,2,RC Strasbourg (FRA),Ligue_1,Strasbourg,3.289822520688176,5.2952551282942295,2187,27,27,6.9,0.3428200830850633,0.127487126466088
13053,Saud Abdulhamid,SAUD ABDULHAMID,Saudi Arabia,DF,58,1,RC Lens (FRA),Ligue_1,Lens,1.1027701515704391,2.749265618622303,1335,25,25,7.0,0.1473677490889295,0.2889851152896882
3237,Aissa Mandi,MANDI Aissa,Algeria,DF,122,8,Lille OSC (FRA),Ligue_1,Lille,0.8599839098751545,1.0037057306617498,2432,29,29,6.3,0.019109540602022943,0.04729996391318059
8777,Vitinha,VITINHA,Portugal,MF,41,0,Paris Saint-Germain (FRA),Ligue_1,Paris Saint Germain,0.9833967238664628,3.455289619043469,2122,29,29,6.8,0.03793000947237937,0.042952838224904866
9092,Marvin Senaya,SENAYA Marvin,Ghana,DF,5,0,AJ Auxerre (FRA),Ligue_1,Auxerre,1.403174713253975,0.2376676574349403,1796,25,25,5.0,0.06641472484525783,0.02168279113177964
9514,Antoine Mendy,MENDY Antoine,Senegal,DF,7,0,OGC Nice (FRA),Ligue_1,Nice,2.194048591889441,0.0372293330729007,2105,25,25,5.1,0.0805934905043901,0.0
11789,Josué Casimir,CASIMIR Josue,Haiti,FW,10,0,AJ Auxerre (FRA),Ligue_1,Auxerre,1.9783619977533815,1.4077786430716517,1509,31,31,6.2,0.07217921109848394,0.3161863890629105
12284,Samir El Mourabet,EL MOURABET Samir,Morocco,MF,8,0,RC Strasbourg (FRA),Ligue_1,Strasbourg,0.3717561801895499,2.710016814060509,2145,33,33,5.8,0.010192223301699391,0.14730666635092726
13750,Kojo Peprah Oppong,OPPONG Kojo Peprah,Ghana,DF,6,0,OGC Nice (FRA),Ligue_1,Nice,1.3100588582456112,0.5910270726308227,2440,29,29,5.0,0.02831814146031633,0.0
13782,Nathan Ngoy,NGOY Nathan,Belgium,DF,6,0,Lille OSC (FRA),Ligue_1,Lille,1.562451058998704,1.2294035255908966,2397,29,29,5.1,0.030329240587624613,0.015644834258339617
13800,Samir Chergui,CHERGUI Samir,Algeria,DF,6,0,Paris FC (FRA),Ligue_1,Paris FC,1.7387075843289497,0.1467773839831352,1157,15,15,5.4,0.19557450350734132,0.006234170897129434
849,Chancel Mbemba,MBEMBA Chancel,Congo DR,DF,112,7,Lille OSC (FRA),Ligue_1,Lille,0.3366753682494163,0.5853789737448096,949,13,13,6.4,0.031013897906950177,0.01904739926145023
1760,Arthur Masuaku,MASUAKU Arthur,Congo DR,DF,47,4,RC Lens (FRA),Ligue_1,Lens,0.0112900361418724,0.0515531189739704,235,4,4,5.6,0.015342538616893137,0.024195231549942017
2225,Gerónimo Rulli,RULLI Geronimo,Argentina,GK,8,0,Olympique Marseille (FRA),Ligue_1,Marseille,0.072814255952835,0.0521727837622165,2610,29,29,4.7,0.010591164502230545,0.007588768547231491
2276,Lucas Hernández,HERNANDEZ Lucas,France,DF,42,0,Paris Saint-Germain (FRA),Ligue_1,Paris Saint Germain,0.641115945763886,1.280301958322525,1749,25,25,5.8,0.07251130111033041,0.0641136535096584
3297,Marquinhos,MARQUINHOS,Brazil,DF,109,7,Paris Saint-Germain (FRA),Ligue_1,Paris Saint Germain,0.0568516142666339,0.0329714883118867,1040,14,14,6.0,0.006798455479461282,0.0
5756,Carlens Arcus,ARCUS Carlens,Haiti,DF,59,1,Angers SCO (FRA),Ligue_1,Angers,0.2048528864979744,2.0858899280428886,2053,26,26,6.2,0.01571232796509245,0.11304134029711857
5989,Moussa Niakhate,NIAKHATE Moussa,Senegal,DF,35,0,Olympique Lyonnais (FRA),Ligue_1,Lyon,0.1709757754579186,0.8175685852766037,2750,32,32,5.4,0.0033258268101648814,0.010893775048581023
6110,Yvon Mvogo,MVOGO Yvon,Switzerland,GK,13,0,FC Lorient (FRA),Ligue_1,Lorient,0.0,0.0835237056016922,2790,31,31,4.8,0.0,0.0
6333,Elisha Owusu,OWUSU Elisha,Ghana,MF,22,0,AJ Auxerre (FRA),Ligue_1,Auxerre,0.1431004349142313,1.0085062738507986,2366,29,29,5.7,0.009926801056347086,0.025969388674605968
6709,Yehvann Diouf,DIOUF Yehvann,Senegal,GK,2,0,OGC Nice (FRA),Ligue_1,Nice,0.0,0.0,2340,26,26,4.5,0.0,0.0
8664,Facundo Medina,MEDINA Facundo,Argentina,DF,11,0,Olympique Marseille (FRA),Ligue_1,Marseille,0.4502068478614092,1.3081317506730556,1381,17,17,5.3,0.03855537095468638,0.1299300429864639
9279,Krépin Diatta,DIATTA Krepin,Senegal,DF,65,2,AS Monaco (FRA),Ligue_1,Monaco,0.9261248912662268,1.7593798488378525,997,18,18,7.0,0.25206373760175016,0.10666944676826538
9632,Deiver Machado,MACHADO Deiver,Colombia,DF,16,0,FC Nantes (FRA),Ligue_1,"Lens,Nantes",0.9087755605578424,1.3946983963251114,1201,19,19,5.7,0.04119654134914532,0.23349212352847296
9652,Alidu Seidu,SEIDU Alidu,Ghana,DF,24,1,Stade Rennais FC (FRA),Ligue_1,Rennes,0.0986225018277764,1.1613133689388633,1194,21,21,5.5,0.009956477295021098,0.012452521812750255
9807,Gideon Mensah,MENSAH Gideon,Ghana,DF,43,0,AJ Auxerre (FRA),Ligue_1,Auxerre,0.0131184523925185,1.6474777832627296,2353,30,30,5.7,0.0,0.09487628241767866
9873,Montassar Talbi,TALBI Montassar,Tunisia,DF,67,4,FC Lorient (FRA),Ligue_1,Lorient,0.8630059463903308,0.8650193754583597,2610,29,29,6.1,0.04220227727835827,0.0764457190578634
10769,Robin Risser,RISSER Robin,France,GK,0,0,RC Lens (FRA),Ligue_1,Lens,0.0,0.0707157272845506,2970,33,33,4.5,0.0,0.0
10780,Mory Diaw,DIAW Mory,Senegal,GK,7,0,Le Havre AC (FRA),Ligue_1,Le Havre,0.0,0.2680368945002556,2662,30,30,4.7,0.0,0.0
11253,Mamadou Sarr,SARR Mamadou,Senegal,DF,8,0,Chelsea FC (ENG),Ligue_1,Strasbourg,0.0497182086110115,0.0402926057577133,1306,15,15,4.7,0.14703397665305612,0.0
12038,Fabian Rieder,RIEDER Fabian,Switzerland,MF,30,1,FC Augsburg (GER),Ligue_1,Rennes,0.0142771871760487,0.2747606635093689,144,3,3,6.5,0.06055560044266961,0.25089623406529427
12162,Ayyoub Bouaddi,BOUADDI Ayyoub,Morocco,MF,6,0,Lille OSC (FRA),Ligue_1,Lille,1.0655275946483016,2.003947176970541,2354,30,30,5.7,0.012218759680587424,0.0875838366975527
12842,Mark McKenzie,McKENZIE Mark,USA,DF,30,0,Toulouse FC (FRA),Ligue_1,Toulouse,0.2593727596104145,2.299533972516656,2407,29,29,5.6,0.0016222355890089968,0.08049878058305962
12969,Moïse Bombito,BOMBITO Moise,Canada,DF,22,0,OGC Nice (FRA),Ligue_1,Nice,0.0,0.0,154,2,2,4.9,0.0,0.0
13742,Ayumu Seko,SEKO Ayumu,Japan,DF,16,0,Le Havre AC (FRA),Ligue_1,Le Havre,0.9660781314596534,0.4601332331076264,2629,30,30,5.1,0.01207034337249668,0.005114904316988858
13745,Lionel Mpasi,MPASI Lionel,Congo DR,GK,31,0,Le Havre AC (FRA),Ligue_1,Le Havre,0.0,0.0,308,4,4,5.1,0.0,0.0
13816,Mike Penders,PENDERS Mike,Belgium,GK,0,0,RC Strasbourg (FRA),Ligue_1,Strasbourg,0.0,0.0,2970,33,33,4.5,0.0,0.0
14296,Everton Pereira da Silva,WEVERTON,Brazil,GK,11,0,Grêmio FBPA (BRA),Ligue_1,Nice,0.0754055231809616,0.0,71,1,1,5.2,0.09558446600403583,0.0
14359,Gessime Yassine,YASSINE Gessime,Morocco,MF,6,1,RC Strasbourg (FRA),Ligue_1,Strasbourg,0.5050588417798281,1.593078263103962,505,12,12,7.0,0.082620120733461,0.26338908123523425
14376,Quinten Timber,TIMBER Quinten,Netherlands,MF,13,1,Olympique Marseille (FRA),Ligue_1,Marseille,1.134893774986267,0.4600138962268829,1135,15,15,5.9,0.027887787413583918,0.025120892225625448
99999,Lionel Messi,MESSI Lionel,Argentina,FW,202,123,Inter Miami CF (USA),MLS,Inter Miami,20.0,16.0,2160,24,24,11.0,0.8333333333333333,0.6666666666666667
99998,Cristiano Ronaldo,CRISTIANO RONALDO,Portugal,FW,231,145,Al Nassr FC (KSA),Saudi_Pro_League,Al Nassr,23.0,2.0,2601,30,30,10.8,0.7958477508650519,0.06920415224913495
